User,AFINN_score,FPP_ratio,hrank_score,havg_score,hstdv_score,twit_score,goog_score,nyt_score,lyric_score,parse_tree_height,verb_phrase_length,FPP_count,count_sentence,count_def_articles
user-0,-1.1818181818181819,0.1801801801801802,5461.290322580645,5.288064516129032,1.1710064516129033,391.60504201680675,466.86206896551727,544.1016949152543,524.5546218487395,4.7272727272727275,3,2,10,2
user-1,0.028708133971291867,0.32384142936906757,5118.062680810029,5.4119093539054965,1.1650121022179363,411.08266932270914,438.07379518072287,532.4166241713411,403.85455460493205,5.061728395061729,3,58,138,46
user-2,0.525,0.7216494845360825,5148.436403508772,5.409605263157895,1.1531440789473684,365.233995584989,432.3758700696056,477.86046511627904,370.60090702947844,6.173913043478261,3,21,24,11
user-3,0.16049382716049382,1.9113573407202216,4903.928066037736,5.472783018867925,1.178218396226415,384.45588235294116,460.6936274509804,541.6662515566625,401.8076923076923,5.225806451612903,3,69,54,16
user-4,0.6296296296296297,1.0596026490066226,4624.025641025641,5.542769230769231,1.175865641025641,430.58288770053474,723.1489361702128,661.4606741573034,435.17391304347825,4.315789473684211,2,16,19,1
user-5,0.2591240875912409,0.5791901588928755,5018.868085106383,5.440591016548463,1.1764375886524823,320.77414704469004,525.2140333165069,526.8674884437596,385.5560928433269,5.310126582278481,4,113,169,33
user-6,0.8455284552845529,0.30881017257039056,4825.6485981308415,5.507261682242991,1.1889440186915887,342.8901623686724,507.26231155778896,483.1459403905447,368.13288718929255,4.685393258426966,4,34,102,17
user-7,0.4720812182741117,0.4804612427930814,5014.9011689691815,5.457582359192348,1.1761193411264612,345.76508620689657,434.49231644849175,460.33066361556064,359.3171397379913,5.440944881889764,3,75,131,32
user-8,0.6230769230769231,1.2163892445582587,5033.574297188755,5.47790017211704,1.1430259896729775,510.2144212523719,600.6917647058824,656.4925834363412,526.0640862944163,7.529411764705882,3,95,62,76
user-9,0.5,7.2727272727272725,5456.957983193277,5.326218487394958,1.1376453781512605,373.10169491525426,591.0183486238532,532.0275229357799,378.6216216216216,5.444444444444445,2,8,11,3
user-10,-0.8571428571428571,0.7407407407407408,5355.026666666667,5.246666666666667,1.189364,251.87671232876713,400.4117647058824,608.4583333333334,332.875,3.3636363636363638,2,6,10,0
user-11,0.8333333333333334,0.4059040590405904,4668.306603773585,5.556650943396226,1.2163014150943396,419.5769230769231,495.17676767676767,508.7886597938144,439.615763546798,3.6,2,11,34,2
user-12,0.0,2.2535211267605635,4430.442105263158,5.594526315789474,1.1608473684210527,272.05263157894734,323.5869565217391,294.0,244.55913978494624,4.875,2,16,10,1
user-13,-0.05913978494623656,0.42578356002365464,4878.944656488549,5.452315521628499,1.1894008905852418,426.8075117370892,524.6714383094751,584.3818433818434,443.32371134020616,4.327044025157233,4,72,176,19
user-14,0.6282051282051282,0.6417112299465241,4627.926948051948,5.555357142857143,1.1882355519480519,346.9382303839733,428.38513513513516,473.87285223367695,368.07563025210084,4.766666666666667,4,36,60,17
user-15,0.5795454545454546,0.631424375917768,4871.007786429366,5.488921023359288,1.1687043381535038,399.52247191011236,457.8087367178276,429.481884057971,372.1054502369668,5.160714285714286,3,43,48,23
user-16,-0.05454545454545454,1.5231788079470199,5487.394366197183,5.32193661971831,1.14076161971831,488.2007299270073,525.3970037453183,580.5037735849056,542.7274436090225,5.914285714285715,3,23,37,20
user-17,-0.75,5.454545454545454,4794.783333333334,5.5015,1.1802366666666666,372.89473684210526,830.7017543859649,740.6,392.51785714285717,5.25,3,6,5,1
user-18,-0.8809523809523809,2.9078014184397163,5565.092391304348,5.23820652173913,1.1887244565217392,355.2598870056497,543.485380116959,523.3768545994066,451.6619718309859,4.72,3,41,17,2
user-19,-0.5240641711229946,1.8402282453637662,5366.562729658793,5.329753280839895,1.197160997375328,403.08904479222883,489.10574712643677,467.522170361727,442.7178217821782,6.233766233766234,3,129,107,40
user-20,0.18518518518518517,0.19933554817275748,4732.737827715356,5.535805243445693,1.1478561797752809,382.4597701149425,377.7670682730924,518.8682170542636,391.31496062992125,5.352941176470588,3,6,17,6
user-21,0.017543859649122806,1.593625498007968,5218.04189435337,5.377595628415301,1.1890442622950819,438.18923933209646,538.4015904572565,526.4657258064516,445.0,5.275,3,40,43,9
user-22,0.3838383838383838,0.380499405469679,5012.160289555326,5.454033092037228,1.172520682523268,391.1194968553459,454.85840707964604,473.63444444444445,395.40681576144834,4.970588235294118,3,32,68,26
user-23,2.0,0.0,4038.090909090909,5.681818181818182,1.077490909090909,364.1818181818182,328.0,283.45454545454544,227.63636363636363,3.5,2,0,1,0
user-24,-0.017391304347826087,13.456790123456791,5064.896865520728,5.421658240647118,1.1702945399393327,443.0927835051546,571.8651804670912,531.6083150984683,434.85445026178013,6.177777777777778,7,109,46,25
user-25,0.018518518518518517,0.9278350515463917,5114.48590021692,5.387548806941432,1.181597180043384,485.4625550660793,604.2980769230769,441.4504950495049,418.08665105386416,4.705882352941177,3,27,36,12
user-26,0.3601036269430052,0.25210084033613445,5045.43875502008,5.427754350736278,1.1849601572958501,366.9213540776201,456.0384201077199,495.0232262747233,371.61812804453723,5.088744588744588,4,147,556,97
user-27,0.5,4.761904761904762,5200.75,5.419,1.167823,328.5408163265306,485.0842105263158,533.4631578947368,342.17021276595744,5.571428571428571,3,10,6,4
user-28,-0.21809744779582366,0.4924800943674432,5210.398763523956,5.369858688452197,1.1723193420181055,481.4323455088445,548.1824747231584,509.35614733698355,454.8233901515151,5.205970149253731,4,167,313,117
user-29,0.7924528301886793,0.13850415512465372,5182.1138613861385,5.4397772277227725,1.1330655940594059,348.58397932816536,479.36503856041134,476.47229551451187,374.6871794871795,5.913043478260869,3,5,24,15
user-30,-0.3254437869822485,2.2533495736906213,5114.443161094225,5.401848024316109,1.185821641337386,367.471615720524,500.9615635179153,500.2378737541528,360.0278304870335,4.6875,3,185,155,35
user-31,0.855072463768116,0.4825291181364393,4755.452980132451,5.545549668874172,1.1775429139072848,335.7204301075269,520.862937062937,465.8297258297258,328.71944444444443,5.3076923076923075,3,29,46,13
user-32,0.01694915254237288,0.6413301662707839,5173.223706176962,5.395325542570951,1.155539732888147,387.8843537414966,428.2719298245614,461.30511463844795,387.49913344887347,5.571428571428571,3,27,36,9
user-33,0.2971887550200803,1.0668467251856855,5081.0399141630905,5.422274678111588,1.1700915450643776,345.96475195822455,485.72477064220186,454.5852858481724,405.7003112494442,5.453900709219858,3,158,164,30
user-34,-0.65625,5.882352941176471,5226.571942446043,5.32,1.1558888489208634,308.8205128205128,488.94505494505495,492.4600760456274,334.36802973977694,7.545454545454546,3,30,11,10
user-35,-0.5238095238095238,0.3980099502487562,5262.131782945737,5.38031007751938,1.1619375968992247,344.2165354330709,447.7427385892116,435.89539748953973,425.98790322580646,4.666666666666667,3,8,16,6
user-36,-0.4649122807017544,3.139293139293139,5259.801413881748,5.361773778920308,1.1625896529562982,419.75624178712224,476.68758716875874,484.13875262789065,421.8173794976239,5.633333333333334,3,151,87,33
user-37,-0.03125,0.4199475065616798,5320.491349480969,5.324844290657439,1.1746804498269896,475.49283154121866,531.3699633699633,504.3893129770992,432.9016697588126,5.7272727272727275,3,16,37,19
user-38,-0.5,7.213114754098361,5039.166666666667,5.399666666666667,1.218550238095238,377.3357487922705,592.5974358974358,552.668407310705,353.25672371638143,4.914285714285715,3,44,37,11
user-39,1.0638297872340425,0.5131761442441054,4551.002614379085,5.628222222222222,1.192962614379085,338.73809523809524,531.465541490858,523.923186344239,380.6392572944297,4.3428571428571425,4,37,77,5
user-40,0.28,0.5235602094240838,4929.403587443946,5.4311659192825115,1.1684955156950674,340.1834862385321,491.84976525821594,490.1643192488263,349.12264150943395,6.363636363636363,3,10,10,2
user-41,0.0,190.0,5481.583333333333,5.260757575757576,1.1629522727272728,141.3181818181818,298.06722689075633,245.34188034188034,166.6076923076923,4.5,2,19,7,1
user-42,0.25925925925925924,2.3529411764705883,5422.218390804598,5.298218390804598,1.1483908045977012,350.3941176470588,611.7469135802469,511.2857142857143,354.0352941176471,5.0,3,12,12,2
user-43,-0.3157894736842105,4.308390022675737,5429.9683401175935,5.305549525101764,1.1606979647218454,364.05583992554676,517.3874878758487,515.1727047146402,366.6854460093897,7.886792452830188,4,190,36,68
user-44,0.6966292134831461,2.3367697594501715,4986.2847411444145,5.495599455040872,1.1596628065395096,369.4106145251397,478.6408759124088,514.0342261904761,387.69142857142856,4.753846153846154,3,68,81,20
user-45,0.8297872340425532,0.7045009784735812,4944.652495378928,5.485526802218114,1.1807031423290204,317.8957169459963,500.11451942740285,481.9325153374233,376.337786259542,4.404255319148936,3,36,49,12
user-46,0.2876712328767123,4.503311258278146,4927.6369529983795,5.487309562398703,1.1920188006482981,349.1525704809287,447.93333333333334,391.85283687943263,393.50169491525423,4.54,3,68,50,8
user-47,0.12,3.6363636363636367,4977.972350230415,5.459032258064516,1.1579336405529954,406.7203791469194,536.7518610421836,495.9,437.03614457831327,5.096774193548387,2,44,32,11
user-48,-0.5096153846153846,1.5081206496519721,5346.624190064795,5.33292656587473,1.1767051835853133,369.18722466960355,475.34701055099646,476.2833530106257,371.8961625282167,4.955882352941177,3,65,72,15
user-49,0.1016548463356974,0.32637459570714494,5117.567788223651,5.418547748639288,1.1750445818901534,501.57879803972145,552.8036809815951,579.8854589764419,537.2758988015979,5.096885813148789,4,111,335,71
user-50,0.75,0.989010989010989,4802.783333333334,5.523,1.179273888888889,327.9776536312849,550.3352941176471,518.0598802395209,369.78285714285715,4.043478260869565,3,9,19,2
user-51,-0.078125,1.8046709129511678,5306.831674958541,5.333059701492537,1.1773497512437812,443.8238341968912,585.0940017905103,535.7625570776256,415.86173059768066,4.695238095238095,3,85,93,25
user-52,-1.0,7.2727272727272725,4887.211267605634,5.432676056338028,1.2324915492957746,301.9428571428571,482.32394366197184,531.3571428571429,284.6666666666667,4.833333333333333,3,8,6,2
user-53,0.20408163265306123,1.3897280966767371,4963.419483101392,5.452803180914513,1.187765208747515,392.85771543086173,536.5379609544468,508.23568281938327,410.3921971252567,4.552631578947368,3,46,52,7
user-54,0.8076923076923077,2.2772277227722775,4891.3490566037735,5.488490566037735,1.1806372641509435,367.90821256038646,527.7989949748744,558.7626262626262,324.6831683168317,4.722222222222222,3,23,13,6
user-55,0.3076923076923077,0.594059405940594,4768.060606060606,5.498585858585859,1.1535050505050506,346.1212121212121,416.03125,354.2105263157895,329.83505154639175,8.0,2,6,2,0
user-56,0.4,1.6901408450704227,4747.85,5.5040000000000004,1.2099516666666668,541.2114285714285,645.4470588235295,556.0981595092024,433.74691358024694,4.04,2,12,19,3
user-57,0.43529411764705883,0.765661252900232,5206.809578107183,5.4131812998859745,1.1439736602052453,481.7231503579952,545.0807228915662,562.5110837438424,472.658924205379,5.568627450980392,4,33,26,29
user-58,-0.5,60.0,4473.0,5.626363636363636,1.2155363636363636,335.5813953488372,400.95238095238096,281.9,293.2142857142857,13.0,2,6,1,2
user-59,0.2,1.3320274240940255,5239.147176269253,5.3584883057615516,1.170277353108956,363.7147058823529,461.84097677188805,488.37093807480073,329.11561743341406,4.9489051094890515,4,136,148,13
user-60,0.2532467532467532,0.2914238134887594,5016.229790419162,5.4285104790419165,1.177785628742515,439.86821705426354,529.9277688603531,549.822131147541,427.9757869249395,5.369565217391305,3,35,90,21
user-61,-0.16101694915254236,0.8985024958402662,5228.194523135033,5.355439093484419,1.1663627950897073,418.15564202334633,416.6636363636364,554.8755020080321,411.259779338014,4.8,3,54,91,32
user-62,0.25333333333333335,0.4480651731160896,5121.691505216096,5.42387481371088,1.1592152011922503,366.6646058732612,455.9043062200957,505.1672077922078,375.32911392405066,5.4375,3,22,49,17
user-63,0.7622377622377622,0.18651362984218078,5011.57086391869,5.470254093732355,1.1570477696216828,326.9930715935335,395.0626491646778,421.7016274864376,378.286546301689,5.691489361702128,3,39,108,28
user-64,-0.5833333333333334,0.718232044198895,5272.227467811159,5.308927038626609,1.1964536480686696,393.44690265486724,441.6203703703704,483.8779342723005,339.6090909090909,4.578947368421052,3,13,18,4
user-65,0.16666666666666666,1.30568356374808,4909.736123748862,5.462229299363058,1.1874131028207462,356.8347338935574,457.58765915768856,421.716148445336,404.13182674199624,4.1946902654867255,5,85,114,17
user-66,-0.75,20.0,5480.7692307692305,5.209615384615384,1.1820884615384615,426.7391304347826,1077.695652173913,716.9473684210526,618.2,7.0,2,2,1,2
user-67,0.0,2.1951219512195124,5248.011627906977,5.317906976744186,1.1914058139534884,456.8837209302326,531.921052631579,439.58666666666664,464.87654320987656,3.75,2,9,9,1
user-68,0.8333333333333334,0.33112582781456956,4193.745762711865,5.701186440677966,1.2143745762711864,378.84615384615387,382.9537037037037,542.9732142857143,270.9816513761468,4.181818181818182,2,5,11,2
user-69,0.9615384615384616,0.41493775933609955,4842.754208754209,5.522558922558923,1.188047138047138,518.2405498281787,361.0985401459854,424.5875912408759,551.4669117647059,6.0,3,10,18,5
user-70,0.37037037037037035,11.904761904761905,5126.1324786324785,5.411965811965812,1.1434683760683761,384.8193832599119,438.57674418604654,499.4835680751174,361.8868778280543,5.235294117647059,5,25,15,10
user-71,0.47959183673469385,0.40781160252728316,4777.87152161042,5.52542332741267,1.1736719952634695,320.85187424425635,410.37868338557996,455.8975487115022,361.9480840543881,5.104347826086957,4,71,133,17
user-72,-0.8387096774193549,0.3585657370517928,5277.318493150685,5.2949315068493155,1.2132037671232876,445.1742160278746,521.5636363636364,580.1569343065694,455.82437275985666,4.869565217391305,3,9,22,4
user-73,0.36363636363636365,0.7165109034267912,5027.268348623853,5.436467889908257,1.178038990825688,418.916864608076,469.0535279805353,524.5539215686274,395.181598062954,5.833333333333333,3,23,28,13
user-74,-0.03571428571428571,1.4035087719298245,4991.736714975846,5.470748792270531,1.1930809178743962,440.35539215686276,518.574358974359,581.2267002518892,409.43544303797466,5.703703703703703,3,24,26,14
user-75,0.08080808080808081,1.0686359687228497,5092.094875052943,5.423655230834393,1.1551792884371028,430.06501547987614,473.2943530457981,513.2527522935779,425.61128958237725,5.566433566433567,4,123,130,61
user-76,0.5342960288808665,1.306511820821236,5084.919911202186,5.45546106557377,1.1730312670765028,439.34704324801413,526.8484175458079,542.183546686747,449.91774575962063,5.163934426229508,5,315,402,163
user-77,-0.058519793459552494,0.71646764787559,5301.553438420232,5.348908712974191,1.165930209596397,461.92841648590024,537.5139330465681,535.9675561528124,474.61565442126636,6.107011070110701,4,258,263,107
user-78,0.16666666666666666,2.8925619834710745,5169.019277108434,5.403855421686747,1.185338313253012,399.355,507.34358974358975,497.0211081794195,408.3547557840617,4.966666666666667,2,35,25,13
user-79,-0.024844720496894408,1.184346035015448,5242.925832492432,5.382547931382442,1.1627705852674066,464.239555790587,520.4050838290968,486.8418994413408,455.02073104200764,5.537878787878788,4,115,89,72
user-80,-0.14285714285714285,0.7438016528925621,4449.026086956522,5.610086956521739,1.1850208695652173,247.20353982300884,618.9285714285714,474.0,254.0810810810811,4.666666666666667,2,9,6,1
user-81,-0.46938775510204084,3.3333333333333335,5380.684057971014,5.288376811594203,1.171220579710145,489.797583081571,633.1725239616613,642.383606557377,527.2808641975308,5.08,3,27,25,5
user-82,-1.1111111111111112,90.0,5872.578947368421,5.1323684210526315,1.1682592105263159,272.44594594594594,300.6818181818182,457.27941176470586,360.8157894736842,3.625,2,9,9,4
user-83,0.14285714285714285,2.033195020746888,5107.412828947368,5.434950657894737,1.1685940789473683,433.4467005076142,510.08703374777974,528.9537366548043,456.32590051457976,5.5588235294117645,3,49,31,19
user-84,0.41566265060240964,1.6481774960380349,4980.670722977809,5.46261274158912,1.1741055118110235,421.27487103905673,516.3579970104634,532.2407692307693,406.8181818181818,5.069306930693069,3,104,113,25
user-85,-0.25,0.2843601895734597,5412.396449704142,5.308047337278107,1.1607272189349112,405.7037037037037,412.83116883116884,409.0986842105263,371.44303797468353,5.875,2,6,4,8
user-86,0.46938775510204084,0.49338146811071004,5014.396586345381,5.43960843373494,1.1745550200803212,462.2080745341615,509.531416400426,485.40814081408143,447.24242424242425,5.666666666666667,3,41,55,10
user-87,-0.45269016697588127,5.225537820957668,5318.614232209738,5.317944960104217,1.1747197199153232,347.9123333333333,404.2481802426343,441.23816180325,337.09429110234873,5.447570332480819,4,753,418,155
user-88,-0.4,60.0,5309.171875,5.36875,1.2334,364.6290322580645,643.9827586206897,508.17857142857144,451.1774193548387,4.2,2,6,6,0
user-89,0.4019607843137255,0.7026439695762404,5035.574037089872,5.4408188302425105,1.1729946077032811,395.0392670157068,468.0668301655426,488.0926328877836,392.12059701492535,5.594444444444444,4,194,174,61
user-90,-0.3181818181818182,13.636363636363635,5633.508982035928,5.212574850299402,1.1565293413173652,509.4879518072289,623.9041095890411,495.41007194244605,519.0555555555555,3.875,4,15,16,4
user-91,-0.14285714285714285,0.3131115459882583,5129.483805668016,5.384089068825911,1.1786392712550606,406.3118503118503,553.6666666666666,573.4071588366891,458.82838983050846,5.28125,3,16,30,5
user-92,0.17088607594936708,1.068931068931069,5167.635294117647,5.3986013071895425,1.183329411764706,365.43201607501675,456.0758097863542,480.38461538461536,341.82063385030347,3.9133333333333336,4,107,168,31
user-93,-0.7777777777777778,0.851063829787234,5073.355555555556,5.378888888888889,1.1725738888888888,323.7853107344633,720.6910112359551,517.4319526627219,340.20118343195264,4.428571428571429,3,12,10,2
user-94,0.17857142857142858,0.325105358217941,5183.379738968303,5.403492852703542,1.1545423244251087,386.5813656668794,433.726433750824,443.8492967180174,380.86292428198436,5.067226890756302,3,54,121,37
user-95,-0.3269230769230769,1.6753926701570678,5321.671328671328,5.332820512820513,1.1824039627039626,463.3908872901679,590.8730964467005,496.5342105263158,380.5781637717122,4.435897435897436,3,32,31,9
user-96,0.0945273631840796,2.472594397076736,4907.440619621342,5.475788869764774,1.1765879518072289,322.24578733294595,457.16645885286783,466.34815278647466,375.5037989479836,4.438709677419355,4,203,175,27
user-97,0.25333333333333335,1.7577197149643704,4998.507936507936,5.458510378510378,1.1812030525030526,440.7070063694268,477.6051612903226,486.40316205533594,450.5236220472441,5.015151515151516,3,74,73,11
user-98,0.3181818181818182,1.322505800464037,4984.288461538462,5.452335164835165,1.1839236263736264,467.1540656205421,491.8855072463768,540.9484536082474,431.24889543446244,5.444444444444445,3,57,45,9
user-99,0.16161616161616163,2.973523421588595,5168.2605597964375,5.405501272264631,1.1564061577608142,460.2625727898359,559.0902215018908,573.2201117318435,510.689505165851,6.690721649484536,3,146,87,51
user-100,-0.03225806451612903,7.741935483870967,5343.071186440678,5.328813559322034,1.1413979661016949,378.73943661971833,481.3816254416961,399.65168539325845,348.00722021660647,5.142857142857143,2,24,20,13
user-101,-0.3333333333333333,0.6269925611052073,5412.810961080222,5.312597299444003,1.165276012708499,487.38134206219314,532.0926870748299,497.8289241622575,448.5991452991453,5.434343434343434,3,59,87,30
user-102,0.04199475065616798,1.4363778298204528,5245.641443850267,5.361794117647059,1.1314833957219252,405.9463940315004,461.88469073607615,496.9731351814804,417.1509541441185,6.403314917127072,4,184,159,129
user-103,0.45454545454545453,0.6432748538011696,5039.822222222222,5.429037037037037,1.1698555555555556,373.21804511278197,426.43548387096774,404.3821138211382,295.68992248062017,4.230769230769231,2,11,12,4
user-104,-1.4,1.9047619047619047,5252.541666666667,5.3575,1.2346833333333334,291.2173913043478,516.0217391304348,569.2340425531914,374.7173913043478,6.5,3,4,3,1
user-105,-0.11267605633802817,1.0236220472440944,5372.845255474453,5.32585401459854,1.1737113868613138,371.3731343283582,480.8402555910543,457.2520325203252,425.66869300911856,5.081632653061225,3,39,51,6
user-106,-0.4155844155844156,2.6690391459074734,5139.163705583756,5.394238578680203,1.1569772842639594,420.21928665786,441.61001317523056,451.806275579809,440.15405405405403,6.4523809523809526,3,75,41,11
user-107,0.4444444444444444,1.1824014665444547,4883.259866423801,5.496435944140862,1.1786928961748635,384.2571606475716,420.39405684754524,451.97464239271784,389.43627140139506,4.673758865248227,3,129,144,35
user-108,-0.4594594594594595,6.39344262295082,5118.494505494506,5.392829670329671,1.1746777472527472,413.72957746478875,541.0952380952381,442.8730650154799,391.9823529411765,5.809523809523809,4,39,23,9
user-109,0.2,1.9512195121951221,4981.176470588235,5.438655462184874,1.1465663865546218,514.5086206896551,478.5,671.6981132075472,661.3275862068965,4.461538461538462,3,8,12,0
user-110,0.2727272727272727,0.49152946790742064,5042.160422670509,5.435269932756965,1.1715238616714698,470.39239239239237,564.2779141104295,567.1864693446089,461.5966966339118,4.995260663507109,3,206,390,109
user-111,0.8076923076923077,0.1195219123505976,4939.106870229008,5.550916030534351,1.1178083969465649,448.5234375,561.5569620253165,701.9715447154472,471.9,4.9,2,3,16,6
user-112,-0.3448275862068966,5.853658536585367,5377.3408239700375,5.28561797752809,1.1712865168539326,490.3058823529412,486.64315352697093,513.6806722689075,503.98809523809524,5.5,2,24,15,7
user-113,0.3664717348927875,0.24955436720142601,5039.49321113374,5.443766123557366,1.1713954344874407,397.5038234271811,453.6253803472346,465.8221939702143,378.4951333813987,6.404761904761905,4,154,154,119
user-114,-0.01195219123505976,0.4919292851652575,5413.054982817869,5.31335910652921,1.1569713058419244,458.09402852049914,498.3150873965041,524.0047326076668,442.0936346863469,5.473333333333334,3,64,151,49
user-115,-0.08333333333333333,1.3861386138613863,5367.928205128205,5.348,1.1130051282051283,510.7049180327869,581.7415730337078,563.971264367816,549.9367816091954,4.923076923076923,3,14,12,6
user-116,0.29118773946360155,0.9903593339176162,5150.086622245002,5.401276268580215,1.1759699128651973,413.5790305584826,506.4939024390244,544.2136414881624,439.7857142857143,5.063380281690141,3,113,147,34
user-117,0.5304659498207885,0.39412396990326043,4861.837633298934,5.500247678018576,1.1940720674234606,379.0986013986014,512.0543154761905,492.1195158850227,399.1999283410964,4.900497512437811,3,110,225,45
user-118,0.8571428571428571,0.2990033222591362,4702.619528619529,5.551784511784512,1.1689700336700337,334.74402730375425,321.73539518900344,361.41379310344826,363.1533101045296,4.896551724137931,2,9,28,6
user-119,0.0,0.0,4622.2307692307695,5.593846153846154,1.1461307692307692,218.68,594.3913043478261,244.3181818181818,416.28,6.0,3,0,2,0
user-120,0.2727272727272727,0.3436426116838488,5277.292753623188,5.339478260869565,1.1801486956521738,369.1815476190476,509.23926380368096,451.86349206349206,370.2201834862385,5.260869565217392,3,10,23,7
user-121,-0.5294117647058824,3.1683168316831685,5083.02027027027,5.395585585585586,1.175338063063063,377.60779816513764,442.9881796690307,478.31807228915665,358.3095238095238,5.071428571428571,3,32,30,12
user-122,-0.1484375,2.936288088642659,5130.45629510826,5.413560545308741,1.1500652766639936,472.3280334728033,486.1515410958904,529.0044130626654,438.1955017301038,5.056603773584905,5,106,99,31
user-123,-0.25,7.081850533807829,5233.01663405088,5.371526418786693,1.1529804794520548,399.7072319201995,407.25507548152007,461.1905263157895,381.07460398569236,6.456140350877193,4,199,100,64
user-124,-0.7692307692307693,2.1989528795811517,5177.572614107884,5.39402489626556,1.182764937759336,350.39139784946235,469.2516853932584,468.27272727272725,396.57173447537474,4.375,3,42,43,11
user-125,0.2495164410058027,0.6029000254388196,5195.530799711815,5.393470821325648,1.1684464337175793,461.8084138715179,541.1571887398451,534.4674104521433,445.09554896142436,5.809230769230769,3,237,376,148
user-126,0.2971698113207547,1.7965169569202568,5194.11867862969,5.398331973898858,1.1599603181076672,421.6128762541806,486.92311072056236,499.3976764968722,430.3841903952401,5.2823529411764705,3,196,160,53
user-127,0.32432432432432434,4.304635761589404,4863.643463497453,5.498879456706282,1.1887634974533108,305.96557659208264,444.35766423357666,503.75272727272727,371.4581881533101,5.611111111111111,3,65,35,8
user-128,0.21,0.4510198218902614,5179.319677871148,5.397379201680672,1.1642857142857144,508.2522341783695,522.5179380664653,579.7791010372647,496.45904726040294,5.765578635014837,4,157,371,113
user-129,0.35714285714285715,0.8540925266903914,4966.88,5.4653230769230765,1.1805987692307693,300.36875,309.2626582278481,415.94006309148267,292.98738170347,5.611111111111111,3,24,21,4
user-130,0.24324324324324326,3.740458015267176,4994.061971830986,5.4512112676056335,1.1745152112676056,260.81534090909093,345.3314121037464,362.54782608695655,278.67241379310343,5.1923076923076925,3,49,25,5
user-131,0.34408602150537637,1.3143735588009224,5016.453712190651,5.444564619615032,1.1736956003666361,388.6632221700329,422.63101604278074,449.7448579823702,390.55630739487674,5.096153846153846,4,171,140,51
user-132,-0.875,0.9677419354838709,5182.978723404255,5.2480851063829785,1.217195744680851,369.0869565217391,562.6585365853658,395.6666666666667,419.5744680851064,2.888888888888889,2,3,9,2
user-133,-0.23076923076923078,0.37433155080213903,5114.582474226804,5.403883161512027,1.1528699312714776,434.3814616755793,505.73982300884956,494.74681238615665,448.2481481481482,5.575757575757576,3,21,32,15
user-134,-0.4090909090909091,4.184397163120567,5267.23339658444,5.365654648956356,1.1465049335863378,289.91585127201563,429.80160320641284,396.19917864476383,319.31262135922333,5.676470588235294,3,59,22,19
user-135,-0.41509433962264153,1.3409961685823755,5338.913654618474,5.34140562248996,1.1461234939759035,374.5197505197505,430.1519823788546,375.0405405405405,387.7978947368421,5.333333333333333,3,35,34,19
user-136,-0.5398773006134969,1.0685249709639955,5286.71884229179,5.35203780271707,1.1698310100413467,440.29896907216494,505.50869285254345,540.7239144523655,466.8018691588785,5.593406593406593,3,92,119,46
user-137,0.3879781420765027,0.6477409036385446,5145.065175565175,5.418335738335738,1.1695030062530063,399.02643818849447,494.57069540672313,496.6712793733681,430.6459438968916,5.1477272727272725,4,162,226,76
user-138,0.23203285420944558,0.7238208246811035,5298.2531645569625,5.371419774204584,1.160126017789942,414.41045958795564,536.8488329010745,547.051057344256,411.6796846351302,5.083102493074792,5,244,373,111
user-139,0.4166666666666667,0.5687203791469194,5235.050632911392,5.353755274261603,1.181593670886076,298.7920353982301,501.18099547511315,480.0604651162791,359.8678414096916,5.0588235294117645,3,12,22,9
user-140,0.7288135593220338,0.19108280254777069,4945.981355932204,5.495508474576271,1.1644271186440678,438.29597197898426,477.01431127012523,485.3423913043478,428.6490909090909,6.096774193548387,3,9,29,11
user-141,-1.5945945945945945,1.9008264462809918,5417.797833935018,5.231191335740072,1.2364328519855596,317.3159851301115,496.6770428015564,495.3975903614458,364.7310606060606,4.8,3,23,18,4
user-142,0.009478672985781991,0.3292181069958848,5136.014803471158,5.3964675855028075,1.165034201123022,444.5681818181818,501.14668094218416,505.6827661909989,432.76127612761275,5.5777777777777775,4,56,143,23
user-143,0.3473684210526316,0.7682458386683739,5003.9594339622645,5.456943396226415,1.1939814150943395,357.2526621490803,471.71001031991744,484.7393117831074,420.1871287128713,5.135802469135802,3,60,84,20
user-144,-0.19540229885057472,9.89010989010989,5121.046082949309,5.386113671274962,1.183284792626728,321.55015673981194,455.8843537414966,500.02405498281786,321.3820754716981,3.986666666666667,3,90,82,4
user-145,-0.4,1.3245033112582782,5213.990384615385,5.394358974358974,1.148225641025641,361.2631578947368,501.81724137931036,584.9473684210526,439.009900990099,4.962962962962963,3,20,21,11
user-146,-0.22661122661122662,0.12271172802253068,5339.757770632369,5.343914255091104,1.15534718113612,490.15943332583765,489.03365165984536,545.7984496124031,478.6824480369515,5.576923076923077,4,61,284,91
user-147,-0.23376623376623376,1.4156723637536277,5145.734410217881,5.376891435011269,1.1851888241923365,386.9055917273075,499.08543331284574,492.33153526970955,381.35526058949836,5.349570200573066,4,439,337,125
user-148,-0.254985754985755,2.903085614950022,5258.420905272982,5.336131591227251,1.1814702597604605,368.0525978191148,527.4314342497515,493.1834188034188,364.9071117561684,7.981981981981982,4,668,12,131
user-149,-0.043478260869565216,0.8225108225108224,5205.850649350649,5.385541125541126,1.1507519480519481,440.48565121412804,495.27944572748265,472.78823529411767,426.2240184757506,6.863636363636363,4,19,20,9
user-150,0.7681818181818182,0.8572856785803549,5021.6876344976,5.478533355404735,1.1638289024995863,391.10147632784657,475.0162659123055,456.84290570764,416.487941279273,5.441379310344828,4,343,390,135
user-151,0.49206349206349204,0.6052323311206559,5113.965257672264,5.434345686160973,1.1554099594672844,413.6819262782402,493.2747320061256,521.0845817727841,404.2490774907749,5.507109004739337,3,155,194,97
user-152,-0.06666666666666667,0.7843137254901962,5225.8646616541355,5.3688721804511275,1.1459593984962406,354.953125,541.9921875,528.6328125,518.5669291338583,6.714285714285714,3,4,6,1
user-153,-0.3103448275862069,7.419354838709677,5321.51320754717,5.327811320754717,1.1825966037735849,318.0346153846154,643.5294117647059,607.109649122807,339.1792828685259,4.608695652173913,3,23,22,2
user-154,0.8282828282828283,0.9718670076726342,4880.416201117318,5.510237430167598,1.17465656424581,436.05627705627705,529.5354449472096,545.7966101694915,423.44674556213016,4.65,5,38,66,18
user-155,0.391304347826087,30.909090909090907,5148.374213836478,5.410849056603774,1.148,337.0,489.50169491525423,462.160409556314,377.38235294117646,5.45,3,34,24,5
user-156,-0.3838383838383838,0.8062575210589652,5321.590818363274,5.308589487691284,1.180637724550898,539.7978798586572,557.4442887175893,635.3155619596541,538.8207282913165,5.035398230088496,3,67,89,61
user-157,0.7222222222222222,0.5775741884086835,4877.112792065894,5.503859472180198,1.1726956127080181,325.680981595092,441.0647482014389,408.48926014319807,357.90915395284327,5.212345679012346,3,290,418,100
user-158,-0.2,8.181818181818182,5146.3387096774195,5.398064516129033,1.2055048387096774,444.3666666666667,461.6034482758621,505.2068965517241,366.8666666666667,5.333333333333333,2,9,2,3
user-159,0.0,0.5960264900662252,5277.005970149254,5.380477611940298,1.1315397014925372,503.472049689441,608.8449367088608,652.4902597402597,508.8258064516129,5.619047619047619,3,9,18,10
user-160,-0.5,0.9523809523809523,4636.3,5.415,1.250285,162.05,315.75,479.9,111.3,6.0,1,2,1,0
user-161,0.16580310880829016,3.012048192771084,5122.669183577159,5.405615856536102,1.1627857479943369,376.70716360116165,522.6681659170415,494.3874291602267,395.33818364274964,5.738317757009346,3,175,105,61
user-162,-0.45185185185185184,0.10928961748633881,5255.750178954903,5.355969935576235,1.1590371510379385,456.8095238095238,436.8841463414634,497.00154083204933,407.4930981595092,5.756756756756757,3,14,78,31
user-163,-1.1666666666666667,0.6077348066298343,5635.008,5.23888,1.2498836,534.281512605042,634.6488888888889,610.6488888888889,570.8026315789474,4.6,3,11,21,6
user-164,0.3354531001589825,0.9488177192457348,5028.8286614695635,5.45242328744402,1.161984906286283,377.95955322389574,509.11361634666196,484.5414484377822,381.75721444617244,5.76595744680851,4,317,393,110
user-165,1.2727272727272727,0.5235602094240838,4437.880434782609,5.600108695652174,1.2154070652173914,360.2067039106145,524.6363636363636,561.0056179775281,480.11299435028246,7.0,2,10,4,4
user-166,-0.6842105263157895,0.15267175572519084,5390.63309352518,5.25884892086331,1.1393906474820144,397.5925925925926,451.2142857142857,525.088,448.2720588235294,3.8823529411764706,2,2,11,4
user-167,0.9166666666666666,0.3508771929824561,4901.509433962264,5.490424528301887,1.1493278301886793,334.77777777777777,411.53921568627453,401.9452736318408,374.42439024390245,4.4,3,6,21,3
user-168,-1.0,1.4285714285714286,6144.021276595745,4.877446808510638,1.169759574468085,260.70212765957444,397.2093023255814,554.1860465116279,328.1489361702128,4.6,2,3,3,0
user-169,0.5064102564102564,0.4576659038901602,4837.015603799186,5.514654002713704,1.1706568521031209,337.4117647058824,429.14714285714285,452.0564808110065,299.611781405252,4.348387096774194,3,60,156,26
user-170,-0.34210526315789475,2.213740458015267,5203.313915857605,5.417508090614887,1.134023786407767,526.6758147512865,547.481418918919,508.8811188811189,594.4982269503546,9.2,3,29,13,17
user-171,0.38461538461538464,2.9268292682926833,4971.192307692308,5.453538461538462,1.2015407692307691,255.78571428571428,499.4065040650407,501.41803278688525,434.008,4.9,3,12,11,1
user-172,-1.3333333333333333,6.363636363636363,5213.666666666667,5.359333333333334,1.1665783333333333,381.280701754386,601.4074074074074,502.9433962264151,524.7543859649123,4.333333333333333,2,7,8,3
user-173,0.3230769230769231,2.2172949002217295,5163.313799621928,5.415519848771266,1.153325708884688,327.11519845111326,480.66129032258067,484.59814049586777,335.5063414634146,4.9875,3,100,81,17
user-174,0.7169421487603306,0.5039950829748002,4950.003552971576,5.491850775193798,1.152551711886305,360.20493827160493,463.89069925322474,471.71652323580037,356.76642091152814,5.492462311557789,4,246,320,128
user-175,0.6541666666666667,0.6530380465644521,5024.539940196497,5.463481418197351,1.1559762921828278,346.78327495621716,463.89095865515674,458.6854764107308,384.75827084252313,5.590277777777778,3,115,142,53
user-176,0.06196581196581197,1.6456987419245153,5199.547480620155,5.387521317829457,1.161586976744186,373.4467205042348,443.0661381180889,441.8534263959391,391.8834071687475,5.0,4,484,338,93
user-177,-1.5909090909090908,10.0,5883.885714285714,5.0197714285714286,1.1871251428571428,444.3905325443787,616.6603773584906,583.4013157894736,396.0925925925926,5.230769230769231,3,21,10,3
user-178,-0.054878048780487805,1.114616193480547,4959.806397306397,5.471543209876543,1.1674516835016835,381.28456221198155,499.5913255956017,430.1704402515723,431.2313564298297,4.900662251655629,4,106,157,27
user-179,0.43686006825938567,1.0401087695445275,5028.191497227357,5.447866913123844,1.1668748243992606,353.14516129032256,464.7665232694564,454.749300279888,364.3183925811437,5.478021978021978,3,153,177,41
user-180,-0.14606741573033707,0.7015221707478492,5123.8123236124175,5.420047036688617,1.185540310442145,433.36935166994107,544.8794147325933,477.0057501306848,446.52787543947767,5.141104294478527,4,106,164,50
user-181,0.45161290322580644,1.164510166358595,5247.156571428572,5.391851428571429,1.1554288,350.5770142180095,513.4885404101327,515.283950617284,357.7581227436823,5.0,4,63,52,23
user-182,-0.017369727047146403,1.0228593568384345,5213.225575336518,5.3844637429439866,1.1752139600521059,396.30268456375836,475.532220676866,469.50639810426543,408.86551724137934,5.419047619047619,5,264,296,79
user-183,0.25,0.3225806451612903,4191.407407407408,5.702592592592593,1.1654296296296296,222.58333333333334,652.16,643.1666666666666,294.2916666666667,3.6666666666666665,2,1,3,0
user-184,0.18666666666666668,0.34620505992010653,5181.841463414634,5.408414634146341,1.1682900914634147,347.1674347158218,459.37891268533775,386.08658743633276,316.1251956181534,4.853658536585366,3,26,52,8
user-185,-0.16666666666666666,4.634146341463415,5246.286919831224,5.372489451476794,1.1874835443037974,471.09375,526.6575342465753,562.6,557.4018691588785,5.333333333333333,3,19,15,5
user-186,0.23870967741935484,1.3272010512483576,4925.59852398524,5.499867158671587,1.1811416236162362,411.9908883826879,524.7326892109501,487.2266775777414,429.95238095238096,5.35632183908046,3,101,77,27
user-187,-0.20496894409937888,2.447257383966245,5138.756140350877,5.39346783625731,1.182312807017544,340.79035139964265,483.3871374527112,450.10967741935485,372.13469633193023,4.57051282051282,3,174,122,26
user-188,-1.263157894736842,1.6129032258064515,5773.277777777777,5.189090909090909,1.138969191919192,670.6467391304348,533.0166666666667,627.2824858757062,630.3450292397661,6.375,3,5,10,7
user-189,0.3443579766536965,1.1840444332239333,5008.572867696441,5.445228341168569,1.1673609469442578,373.90468883205455,450.3651079136691,449.38087431693987,348.37105263157895,5.216931216931217,4,469,388,114
user-190,0.06611570247933884,1.109989909182644,4974.808095952024,5.4558620689655175,1.1650709895052473,365.4721586575134,463.6349960411718,478.4811547714515,402.2236842105263,5.901639344262295,4,110,57,16
user-191,0.391304347826087,2.9508196721311477,5274.36875,5.36025,1.175015,139.9493670886076,359.76973684210526,362.3,176.49375,5.7272727272727275,3,18,12,5
user-192,-0.38461538461538464,6.47887323943662,5261.6823266219235,5.330447427293064,1.1765979865771812,425.75402298850577,504.7226277372263,499.99007444168734,425.39709443099275,5.103448275862069,3,46,31,4
user-193,0.2,0.22900763358778625,4730.3942307692305,5.493269230769231,1.1908173076923076,352.5940594059406,642.6494845360825,600.8631578947368,301.8469387755102,3.5714285714285716,2,3,14,1
user-194,-0.375,0.989010989010989,5171.601449275362,5.349420289855073,1.1535260869565218,375.375,263.5426356589147,367.0859375,342.7279411764706,5.285714285714286,2,9,10,4
user-195,-0.5357142857142857,2.0177383592017737,5188.963147410359,5.3863446215139446,1.184776593625498,423.91963377416073,495.8501628664495,490.43654266958424,426.34915611814347,5.5636363636363635,4,91,43,23
user-196,-0.664,11.475409836065575,5590.160602258469,5.183789209535759,1.1855833124215809,495.8149100257069,651.4285714285714,632.3540462427745,503.1039473684211,4.6231884057971016,3,70,74,21
user-197,0.2962962962962963,0.39334341906202724,5071.8969325153375,5.437251533742331,1.1556857668711658,393.70332480818416,459.6849673202614,463.18013245033114,410.7216494845361,4.863636363636363,3,26,60,22
user-198,-1.5,0.0,5498.762711864407,5.145762711864407,1.1708,819.3214285714286,744.0350877192982,663.7272727272727,377.8775510204082,4.125,2,0,7,2
user-199,0.7653061224489796,1.1638954869358669,5073.193672099713,5.465158197507191,1.148205560882071,431.640873015873,511.7785714285714,481.231822971549,415.9755102040816,5.603174603174603,3,49,61,27
user-200,-2.5,2.727272727272727,5195.7,5.291,1.1718125,370.5897435897436,495.3421052631579,451.8611111111111,499.1025641025641,3.5714285714285716,2,3,8,0
user-201,-0.21818181818181817,2.978723404255319,5262.383033419023,5.333933161953728,1.182638560411311,425.106100795756,480.2732558139535,535.1374269005848,396.85714285714283,5.545454545454546,2,42,20,8
user-202,0.25,0.19607843137254904,5052.985185185185,5.4231851851851856,1.176805925925926,405.9248120300752,496.336,380.15966386554624,433.0378787878788,4.666666666666667,3,1,13,2
user-203,-0.2551369863013699,0.8264697529111047,5408.20409580007,5.285364456785838,1.1713102221450886,501.66654656818594,538.1523827114887,541.687905379626,453.3090636141865,5.605633802816901,4,291,408,146
user-204,0.7037037037037037,0.7308970099667774,5010.549367088607,5.46093670886076,1.1492556962025318,446.6989247311828,515.3148148148148,574.4650537634409,440.1373626373626,6.130434782608695,3,22,23,7
user-205,-0.1404494382022472,8.71369294605809,5161.469688982605,5.382683183974697,1.1586332630469163,453.8076709282935,521.3567090005522,551.2314285714285,466.2494318181818,5.306569343065694,3,210,146,53
user-206,0.26335174953959484,1.3149408814045145,5173.187531849839,5.396448105996263,1.1576150670969934,405.14596218413146,485.0503882969117,510.27414903403866,429.05547550432277,5.860215053763441,4,367,369,136
user-207,-0.7066666666666667,5.4961832061068705,5486.041186161449,5.2532784184514005,1.1957805601317957,360.38200339558574,470.32514177693764,505.9751908396947,414.1042735042735,4.065573770491803,3,72,65,11
user-208,0.8671875,0.038058991436726926,4619.787812840043,5.558400435255713,1.2062169749727965,278.70828729281766,374.0337837837838,393.3473325766175,277.6534988713318,5.052631578947368,4,4,104,10
user-209,0.8888888888888888,0.7092198581560284,5063.378698224852,5.450059171597633,1.1749171597633137,299.7546012269939,454.61875,459.2125,310.2121212121212,5.909090909090909,3,10,10,3
user-210,-0.26517571884984026,2.403393025447691,5155.4443273621355,5.365999297506147,1.1751123287671232,397.7925416364953,466.2838638045892,508.14178825289935,372.73813970862903,4.329457364341085,4,255,311,72
user-211,0.007352941176470588,0.29561671763506625,5194.570754716981,5.37374213836478,1.1545352987421384,406.9927536231884,489.37561779242174,503.2682926829268,373.1832504145937,6.409836065573771,3,29,74,22
user-212,-0.40310077519379844,1.5360983102918588,5328.853692201518,5.348536922015183,1.161988198757764,416.010593220339,508.52963240810203,490.9364471669219,391.79008746355686,4.488721804511278,3,100,138,40
user-213,0.30735930735930733,0.2182453077258839,4937.783869506117,5.477453556864522,1.1762795650203897,445.38066324147593,529.2924345295829,531.5029821073558,490.61793372319687,5.1234567901234565,3,50,166,41
user-214,-0.3157894736842105,1.815856777493606,5130.051643192488,5.401525821596244,1.1789113849765258,413.24667472793226,477.0189633375474,542.441475826972,419.6020278833967,6.0,3,71,43,12
user-215,0.3373493975903614,1.0997442455242967,5044.360433604336,5.450609756097561,1.1927985094850948,365.04137931034484,544.6198830409356,495.45427286356824,387.7174515235457,5.261904761904762,3,43,30,18
user-216,0.5714285714285714,2.2522522522522523,4691.333333333333,5.530294117647059,1.211550980392157,460.41089108910893,584.6631578947369,528.1390374331551,454.61538461538464,5.1875,3,25,16,1
user-217,-0.6666666666666666,1.8811881188118813,5212.703910614525,5.343240223463687,1.1508737430167597,294.50282485875704,379.70348837209303,358.15384615384613,238.39766081871346,5.0,3,19,7,5
user-218,0.4084507042253521,0.30851501439736734,5032.948930597992,5.445098210388477,1.1770499345264076,403.8507395786643,490.74577861163226,498.2977099236641,400.3725400457666,5.016129032258065,4,75,186,47
user-219,0.625,0.5633802816901409,5192.550847457627,5.4091525423728815,1.1482542372881357,351.0625,474.009900990099,541.4,499.6725663716814,5.888888888888889,2,4,10,3
user-220,0.5550351288056206,2.1087314662273475,4962.492317541613,5.48260136577038,1.1620292360221938,408.20157068062827,498.9497727272727,504.87224669603523,441.58880994671404,5.129337539432177,4,384,301,139
user-221,-0.46318289786223277,2.0936116382036687,5219.857683982684,5.355441017316017,1.1874152867965369,364.2034787410271,551.2388591800357,521.2092811646952,393.2965478211658,3.912037037037037,3,331,443,56
user-222,0.4613333333333333,0.44680325845470253,4882.706575073602,5.488439646712464,1.1700042934249264,362.1674208144796,447.4295793049386,479.99550621200103,379.7842783505155,5.490494296577947,3,181,295,66
user-223,0.37662337662337664,1.5672676837725383,5117.5617585485,5.419490579204466,1.1907933007676204,383.7100213219616,490.184250764526,513.9432079815809,412.5279593318809,5.126436781609195,3,113,87,23
user-224,0.6134969325153374,0.29350104821802936,5119.695530726257,5.439759776536313,1.16213843575419,433.2087209302326,524.2534205829863,532.2247873633049,419.3321596244131,4.906474820143885,4,42,133,59
user-225,0.0,0.5698005698005698,5209.518041237114,5.345850515463917,1.1712074742268042,455.0921052631579,533.3065902578796,537.3782991202346,513.2367021276596,6.055555555555555,3,20,12,5
user-226,0.5957446808510638,5.490196078431373,5186.408577878104,5.411286681715576,1.1419959367945824,379.1209302325581,504.28395061728395,561.5825,469.9952380952381,4.6571428571428575,3,28,37,15
user-227,-0.2222222222222222,70.0,5494.768518518518,5.310370370370371,1.1597527777777779,471.25714285714287,518.5882352941177,584.7524752475248,489.8673469387755,7.25,3,7,4,4
user-228,-0.95,0.28368794326241137,5528.419354838709,5.2726881720430105,1.1839236559139785,552.0893854748604,523.6589595375723,543.5029239766081,488.4080459770115,17.0,2,4,1,8
user-229,0.647887323943662,1.778975741239892,5008.251489868891,5.459892729439809,1.1601013110846246,393.1473812423873,456.9238578680203,455.1820512820513,407.86306532663315,5.760869565217392,4,66,46,16
user-230,-0.1267605633802817,0.2244668911335578,5135.271293375395,5.4061093585699265,1.1660695057833859,415.4030668127054,444.0467706013363,498.07787810383746,413.74801362088533,5.054054054054054,4,20,80,23
user-231,-1.0344827586206897,0.43478260869565216,5328.160869565218,5.278782608695653,1.1813121739130434,452.59276018099547,518.1310679611651,518.2821782178218,461.10407239819006,5.0,3,7,13,1
user-232,-0.1658878504672897,3.9114043355325165,5301.5043768236765,5.3559524802000835,1.1549147144643601,360.2306052855925,458.8398133748056,491.51043302669956,367.9342875731945,5.364661654135339,4,415,236,114
user-233,1.0,1.3114754098360657,5130.254237288135,5.46,1.125770338983051,407.17241379310343,516.8703703703703,522.0,543.566371681416,5.714285714285714,3,8,5,4
user-234,-0.3835616438356164,5.855855855855856,5291.977366255144,5.291872427983539,1.196288683127572,432.17659574468087,537.9659090909091,480.60046728971963,393.85032537960956,4.5476190476190474,3,65,35,10
user-235,-0.5,0.4155124653739612,5507.010638297872,5.210780141843972,1.1355602836879433,307.7829181494662,506.9736842105263,405.80152671755724,325.6726618705036,4.863636363636363,3,15,22,0
user-236,-0.75,0.8045977011494252,5378.039301310044,5.327467248908297,1.1617748908296943,338.114606741573,348.8510638297872,358.84299516908214,341.82312925170066,4.404761904761905,3,21,41,19
user-237,-0.13513513513513514,3.8403990024937653,5215.091536050157,5.363435736677116,1.1738,422.4353697749196,504.12699468085106,496.984257357974,405.4848484848485,5.614583333333333,3,154,50,45
user-238,0.4935897435897436,0.8268202385849445,5000.337031167459,5.474408346539883,1.1650098784997358,398.9773533424284,431.5820562830872,494.38999719022195,383.9614531336661,6.313131313131313,4,201,199,119
user-239,-2.0,0.7042253521126761,5436.82,5.1646,1.21342,307.5777777777778,411.67391304347825,370.4222222222222,551.2,5.25,1,5,3,0
user-240,-0.25,0.4524886877828054,4827.205426356589,5.456240310077519,1.2183158914728682,373.6265060240964,527.7754237288135,606.8434782608696,424.9311740890688,3.909090909090909,2,10,27,6
user-241,-0.40476190476190477,4.678362573099415,5304.372881355932,5.347496740547588,1.1830539765319426,339.3011889035667,486.7964236588721,395.1638418079096,367.80135135135134,5.137254901960785,2,80,58,21
user-242,-0.5830721003134797,1.8848829854522455,5346.382570162482,5.318005908419498,1.1757885376661743,432.9054545454545,480.77465687839134,478.34397394136806,431.6551509492686,5.011278195488722,4,298,251,86
user-243,-1.125,0.0,5452.96,5.2524,1.137127,345.8686868686869,512.2087912087912,513.2527472527472,384.03092783505156,4.285714285714286,4,0,7,2
user-244,0.6666666666666666,0.10989010989010989,5826.375939849624,5.263458646616542,1.087051127819549,271.04651162790697,382.2,379.5625,391.0236220472441,5.428571428571429,2,1,7,6
user-245,0.2864864864864865,0.6840891621829363,5208.558040468583,5.369643237486688,1.1612467518636849,385.6148796498906,454.6836791923724,466.21329479768787,361.05868945868946,6.280898876404494,4,89,91,26
user-246,0.06529209621993128,0.7535024611889435,5031.203586206897,5.447481379310345,1.1608056,421.9789504036909,479.03933390755094,509.04238526746565,404.4872403560831,5.452,3,199,237,74
user-247,0.15467625899280577,0.25210084033613445,5167.476821192053,5.384764815758193,1.1745687553065036,401.5533030408948,509.8456756262571,534.9369085173502,406.74743725698124,5.099056603773585,4,147,472,138
user-248,-0.8297872340425532,0.9163346613545816,5362.697050938338,5.284718498659517,1.198266219839142,472.98319327731093,554.5555555555555,517.0369230769231,425.0261627906977,4.238095238095238,3,23,46,7
user-249,-1.3333333333333333,0.0,6751.5,4.69,1.1208571428571428,371.38461538461536,1166.6666666666667,1643.6666666666667,653.8461538461538,2.5,1,0,3,0
user-250,0.3716216216216216,0.6601248884924176,5119.144777031154,5.422290775809407,1.1824620036652413,430.75648323845667,522.983552631579,524.7278225806451,439.1731266149871,4.585987261146497,3,74,165,35
user-251,-0.6835443037974683,3.922651933701657,5312.351092896175,5.293155737704918,1.1829112021857924,458.67130919220057,591.3522388059702,557.7125,435.99414348462665,5.177777777777778,3,71,57,12
user-252,-0.36363636363636365,16.19047619047619,5047.567346938776,5.422040816326531,1.1803167346938777,420.5531914893617,421.3304721030043,480.98706896551727,412.7566371681416,4.92,3,34,25,6
user-253,0.0,0.5675146771037182,5307.536213468869,5.341194409148666,1.1900177890724268,427.2815789473684,549.7249322493225,538.9598337950139,435.42255434782606,5.37037037037037,2,29,61,9
user-254,-0.1791044776119403,0.6653620352250489,5163.157664233577,5.399649635036496,1.1729312408759125,476.7462006079027,493.21528861154445,557.6429699842022,473.35993740219095,6.170731707317073,4,34,41,22
user-255,0.31007751937984496,0.4956103086944208,5150.262675626145,5.422612502545307,1.162327041335777,487.05087979648084,517.9947995666306,526.9720633523978,518.3119911991199,5.548961424332345,4,175,340,128
user-256,-0.9117647058823529,9.523809523809524,5685.857908847185,5.234718498659517,1.1652892761394102,428.296918767507,631.6162790697674,557.8765060240963,418.90112994350284,5.826086956521739,4,20,18,10
user-257,0.8571428571428571,0.9502262443438914,4829.351254480287,5.491397849462365,1.1966670250896057,365.34065934065933,525.4097744360902,413.76356589147287,264.43359375,4.909090909090909,3,21,21,2
user-258,1.0,0.4938271604938272,4698.385714285714,5.529714285714285,1.1821214285714285,498.7536231884058,576.1911764705883,374.258064516129,400.2352941176471,6.5,3,4,4,0
user-259,-1.25,0.9956709956709956,5296.161157024793,5.356776859504132,1.2020429752066115,330.01271186440675,480.92035398230087,480.10434782608695,384.0127659574468,4.0,2,23,30,11
user-260,0.07236842105263158,0.21788129226145755,5185.590326340326,5.393782051282051,1.1609064685314685,463.0752427184466,487.72489082969435,552.8810879190386,448.3236593059937,4.535714285714286,4,29,164,36
user-261,-0.40540540540540543,4.684684684684685,4997.54932735426,5.435964125560538,1.2183387892376683,377.00694444444446,501.76528117359413,439.57393483709274,405.903073286052,4.162790697674419,3,52,50,9
user-262,-1.411764705882353,1.4754098360655739,5193.970297029703,5.304554455445545,1.2220831683168316,407.010101010101,617.4719101123595,552.7241379310345,367.7916666666667,3.5,2,9,15,0
user-263,0.4246575342465753,0.8253881776082811,5069.596340988712,5.409305177111716,1.1926629233164656,390.4621046349712,590.324983943481,596.7621455264893,423.10890886800166,3.906940063091483,4,303,641,85
user-264,-0.35106382978723405,0.6060606060606061,5167.738544474393,5.3912578616352205,1.1804224618149146,384.7240411599626,561.1868884540118,542.2611717974181,392.0194931773879,4.988505747126437,3,34,96,19
user-265,-0.3787878787878788,3.134328358208955,5096.138721351025,5.412472858866104,1.1831753920386008,436.50931677018633,558.6227390180878,581.4083769633507,439.72445019404915,5.015151515151516,3,63,63,18
user-266,1.5,3.333333333333333,5035.896551724138,5.416206896551724,1.147151724137931,570.9107142857143,618.8461538461538,713.2352941176471,583.7321428571429,4.6,2,7,5,1
user-267,-0.44970414201183434,3.103448275862069,5207.52841781874,5.364910394265233,1.1606878136200718,392.75066172578084,514.3817494600432,495.23093922651935,390.38637602179836,5.137931034482759,3,171,143,43
user-268,0.3433874709976798,0.2935742147402997,5064.25694187338,5.450125879303961,1.1605935209181784,457.87270238560814,500.94520547945206,586.404937288473,436.1981017770598,5.608695652173913,4,143,338,146
user-269,0.4444444444444444,1.2861736334405145,4860.038532110092,5.523357798165137,1.17088,513.1447876447877,454.04715127701377,535.0630081300814,545.1259842519685,4.755102040816326,3,40,49,15
user-270,1.0,2.727272727272727,5618.974358974359,5.263589743589743,1.115402564102564,287.4102564102564,528.027027027027,653.8157894736842,219.4102564102564,4.666666666666667,2,3,2,0
user-271,-0.5833333333333334,1.639344262295082,5288.337278106509,5.313491124260355,1.2070680473372781,365.30120481927713,666.2848101265823,550.6666666666666,407.0987654320988,4.0,3,10,28,3
user-272,-1.5263157894736843,1.5384615384615385,5119.321167883211,5.289562043795621,1.2506817518248174,395.43283582089555,691.8818897637796,664.1451612903226,430.8496240601504,4.583333333333333,2,14,9,2
user-273,-0.5405405405405406,3.388429752066116,5278.391549295775,5.3192957746478875,1.189412957746479,407.9035087719298,518.7018072289156,617.9442724458204,401.20771513353117,4.92,3,41,23,7
user-274,-0.26666666666666666,1.1518324607329842,5105.776960784314,5.4062254901960785,1.1927110294117647,419.0326633165829,603.2545454545455,559.5520833333334,411.9596774193548,6.75,5,22,16,6
user-275,-0.4444444444444444,0.9306260575296108,5399.525291828793,5.293035019455253,1.1615822308690014,487.8914518317503,484.80774550484097,550.7667140825035,440.4917355371901,4.238095238095238,3,55,84,22
user-276,-0.05555555555555555,2.9411764705882355,5265.863945578231,5.340816326530613,1.2055802721088436,461.5486111111111,497.625,482.84328358208955,439.3125,4.3125,2,15,15,6
user-277,-1.1304347826086956,0.24793388429752067,5432.4140625,5.228046875,1.23173671875,412.328,514.1848739495798,556.6837606837607,417.3739837398374,4.25,3,3,5,0
user-278,-0.15,7.323943661971831,4978.730027548209,5.441900826446281,1.18502782369146,303.9915730337079,354.8035190615836,376.8123167155425,332.63142857142856,4.896551724137931,2,52,31,5
user-279,-0.2222222222222222,1.267605633802817,5283.253658536585,5.368048780487805,1.1431463414634147,552.3128205128205,504.3979057591623,507.6373626373626,413.989417989418,4.277777777777778,3,9,18,4
user-280,-0.47368421052631576,3.5294117647058827,5083.1824817518245,5.426532846715329,1.16402700729927,526.6802973977696,540.8455598455598,528.9282868525896,534.5243445692884,5.4,3,18,12,8
user-281,-1.1666666666666667,6.274509803921569,5471.652866242038,5.230445859872612,1.1615496815286623,458.81045751633985,503.5704467353952,609.840830449827,353.09,4.758620689655173,3,32,27,2
user-282,-0.9384615384615385,3.507853403141361,5221.7724719101125,5.3337921348314605,1.1891713483146067,435.02597402597405,583.660606060606,580.2480252764612,495.9689349112426,4.348484848484849,4,67,78,17
user-283,0.1477832512315271,0.55056505360765,5140.239027538726,5.413941480206541,1.1761080034423408,443.6815456362425,478.02903767698587,500.0909750786354,419.39607843137253,4.026,3,190,510,111
user-284,0.9285714285714286,80.0,5264.27731092437,5.407731092436975,1.1279966386554623,536.0338983050848,529.2342342342342,403.77669902912623,440.6636363636364,3.5,2,8,16,5
user-285,0.6666666666666666,5.450236966824644,5159.0588957055215,5.440662576687116,1.1354201840490799,414.0513808606294,587.2201298701299,531.5125936010892,444.08100929614875,6.746478873239437,5,115,60,48
user-286,0.1130820399113082,0.5712620227338968,5170.699488491048,5.38306052855925,1.1747694586530264,496.4055913024185,545.0654871323529,590.9328463713478,457.9884712935209,5.36144578313253,4,196,366,102
user-287,0.07407407407407407,0.41884816753926696,4796.329032258064,5.49258064516129,1.2350916129032259,407.68,376.0534351145038,629.231884057971,453.751677852349,4.642857142857143,2,8,17,1
user-288,0.017241379310344827,0.47285464098073554,4993.79802259887,5.458757062146892,1.1622053672316384,334.05668604651163,475.2927536231884,471.7056213017751,344.61242603550295,5.785714285714286,3,27,40,13
user-289,-0.47619047619047616,7.096774193548387,5035.292397660819,5.369766081871345,1.2276888888888888,445.07975460122697,610.8238993710692,658.7368421052631,459.78395061728395,3.7083333333333335,2,22,24,2
user-290,0.5,0.23294509151414308,4991.496062992126,5.469921259842519,1.1678706692913385,421.54526748971193,506.4566596194503,502.9373650107991,390.8466386554622,5.833333333333333,4,14,20,5
user-291,0.15942028985507245,0.49896049896049893,5216.62540192926,5.383810289389068,1.181129421221865,457.4782608695652,508.5821917808219,528.1678321678322,491.74744027303757,4.461538461538462,4,24,65,14
user-292,-0.6341463414634146,1.7728531855955678,5498.344086021505,5.309184060721063,1.138285578747628,562.3956931359354,579.2051104972376,602.1994421199443,531.8741865509761,5.525862068965517,4,64,88,76
user-293,0.3360655737704918,1.2967493883257601,5103.904361263736,5.427752403846154,1.155409581043956,387.60827684623615,452.7873814733771,495.57390493942216,397.7674674491106,4.846808510638298,3,371,431,126
user-294,1.119047619047619,0.9523809523809523,4871.478260869565,5.522249527410208,1.1636890359168242,412.87751004016064,554.3768115942029,572.7388535031847,491.4054054054054,4.9787234042553195,3,22,48,18
user-295,0.9722222222222222,0.12658227848101267,4796.938088829072,5.559421265141319,1.1770174966352625,358.8463687150838,381.67343976777937,418.87087517934003,382.15767045454544,5.411764705882353,3,9,53,12
user-296,0.35424354243542433,0.2978561942705369,4951.830161319558,5.459374660141381,1.166705075222041,413.87575528700904,461.1420785566623,532.3504485588853,415.1003466872111,5.490304709141275,3,157,389,140
user-297,-0.328125,1.394422310756972,5316.430288461538,5.324855769230769,1.1901975961538462,481.9448621553885,722.807486631016,660.9673913043479,523.0102827763496,4.260869565217392,3,35,41,7
user-298,0.21951219512195122,0.7511737089201879,4760.494382022472,5.505752808988764,1.2125526966292135,361.61072664359864,512.8911014312383,487.46250787649655,389.2923803898405,3.7222222222222223,3,112,270,18
user-299,0.5,0.49689440993788814,4976.119205298013,5.468476821192053,1.1496079470198675,296.9127516778523,455.6896551724138,428.53146853146853,323.2260273972603,4.9375,3,8,13,2
user-300,-0.14893617021276595,1.6022099447513811,5367.740837696335,5.336151832460733,1.1564094240837697,420.52197802197804,573.5054644808744,598.6723163841808,429.70338983050846,8.0625,3,29,14,9
user-301,0.38461538461538464,0.2262443438914027,4910.982142857143,5.474107142857143,1.170047619047619,387.748502994012,456.95652173913044,492.3703703703704,429.8988095238095,4.666666666666667,3,5,13,1
user-302,0.3125,0.6017925736235595,4926.586138613861,5.483019801980198,1.1642255445544554,391.5212550607287,407.4908536585366,446.89690721649487,347.2897489539749,5.896551724137931,3,47,57,27
user-303,-0.22950819672131148,6.858638743455497,5053.768292682927,5.433855534709194,1.1709191369606005,443.6257367387033,480.43677042801556,499.4810379241517,502.09330628803247,5.3561643835616435,4,131,61,29
user-304,0.16666666666666666,0.0,5240.275,5.2665,1.1955425,182.925,590.918918918919,431.3611111111111,265.05,4.0,2,0,4,0
user-305,-0.11320754716981132,1.7910447761194028,5226.943127962085,5.3445971563981045,1.1572094786729858,397.9055690072639,536.7671957671957,550.3163538873995,414.6014851485148,5.5,3,36,33,8
user-306,0.22727272727272727,0.4869857262804366,4981.931282722513,5.4503206806282725,1.178058115183246,444.05438477226375,511.52414275717285,553.733752620545,433.3613445378151,5.451219512195122,3,58,105,21
user-307,-0.11392405063291139,6.5432098765432105,5145.770096463022,5.407636655948553,1.1865091639871383,354.3201320132013,529.2775862068966,503.7336860670194,329.7011884550085,4.303030303030303,3,53,44,19
user-308,-0.05714285714285714,0.9502262443438914,4966.75350140056,5.4384033613445375,1.2235896358543417,435.3534482758621,529.3647416413373,500.93457943925233,441.65875370919883,4.878787878787879,3,21,28,5
user-309,-0.425531914893617,0.9988901220865706,5280.677956030897,5.337498514557338,1.1789183600713014,437.74555487431024,518.7124518613607,530.3590250329381,480.670617592015,4.836879432624113,3,90,153,27
user-310,0.07407407407407407,6.585365853658537,4891.575892857143,5.4644642857142856,1.1646955357142856,474.1506849315069,511.4788732394366,515.7677725118483,428.3785046728972,5.8,2,27,10,5
user-311,0.5972222222222222,1.9601328903654485,5038.722054380664,5.424425981873112,1.1859688821752266,428.2921875,540.1512738853503,568.2483660130719,409.1470113085622,4.431372549019608,3,59,21,6
user-312,0.2537878787878788,0.937980522808816,5000.057597173145,5.4419717314487634,1.1772463957597172,404.2939460247994,529.8046934140802,511.2950310559006,414.8273167100856,5.0890052356020945,4,183,223,51
user-313,0.5930232558139535,2.8469750889679712,4927.953164556962,5.471341772151899,1.1564430379746835,347.01940491591205,449.8706666666667,451.72054794520545,393.4624505928854,4.865384615384615,4,80,51,14
user-314,-0.16666666666666666,0.9803921568627452,5182.081395348837,5.357209302325582,1.175103488372093,374.69879518072287,487.93589743589746,462.38666666666666,474.4,3.875,2,5,6,4
user-315,0.6666666666666666,40.0,4824.736842105263,5.315789473684211,1.3558842105263158,188.27777777777777,451.875,807.3529411764706,168.38888888888889,5.0,2,4,1,0
user-316,0.686046511627907,0.3631647211413749,5199.971915747242,5.409297893681043,1.1415069207622868,410.80041152263374,426.287991498406,462.0833333333333,400.8248407643312,5.677966101694915,3,28,56,24
user-317,-0.2485207100591716,0.49423393739703464,5226.190114068441,5.381520912547528,1.1729778992395437,389.5978473581213,469.3978272115882,467.583949313622,406.8865107018417,4.735294117647059,3,90,172,47
user-318,0.25879396984924624,0.3575495331359599,4886.252187570114,5.491476329369531,1.1869445815571011,377.60208816705335,459.61955728533206,499.70135635018494,394.19990603711534,4.816711590296496,4,157,353,89
user-319,-0.20430107526881722,0.12189176011701609,5332.354757929883,5.364248747913189,1.146178756260434,413.2823070251518,427.45430346051467,484.2811515969411,420.2210989010989,5.817518248175182,3,25,124,92
user-320,-0.03333333333333333,1.2386706948640482,5261.657232704402,5.358364779874214,1.1322504716981132,372.73225806451615,455.13553719008263,467.35363790186125,358.85809682804677,5.414634146341464,3,41,34,10
user-321,-0.8,4.324324324324325,5024.328611898017,5.420453257790368,1.1906033994334277,399.700288184438,534.140243902439,565.4153846153846,473.25588235294117,5.666666666666667,4,48,18,9
user-322,0.013363028953229399,1.2076484401207648,5182.056404657933,5.3964428675400296,1.1774480349344978,443.16819396716306,520.9548931162973,519.7046600766593,477.29779630732577,5.477777777777778,4,360,440,122
user-323,-0.37089201877934275,2.4178712220762155,5315.400672143391,5.357658700522778,1.1613109783420463,403.56365030674846,531.7590216519648,506.6333333333333,422.7745253164557,5.377142857142857,4,184,196,64
user-324,0.1981981981981982,0.7113543091655268,4873.351377952756,5.48861220472441,1.1878126968503937,419.54498977505114,544.285110876452,535.1596091205212,414.5142255005269,4.273684210526316,3,52,97,16
user-325,0.25252525252525254,0.920436817472699,5214.592628516004,5.379582929194957,1.1736422890397673,386.7647058823529,509.411704312115,523.4,409.3868986693961,4.591836734693878,3,59,95,19
user-326,-0.1926605504587156,1.4713216957605983,5200.043370508055,5.333370508054523,1.1854552664188351,440.1374837872892,679.0284167794316,608.1251778093883,451.94187582562745,4.53030303030303,3,59,74,11
user-327,0.2631578947368421,4.878048780487806,4889.755244755244,5.4468531468531465,1.1693762237762237,313.5744680851064,524.9343065693431,507.68888888888887,364.4357142857143,4.2727272727272725,2,20,9,5
user-328,-0.5,0.3225806451612903,4373.952380952381,5.639047619047619,1.1529238095238095,325.05,911.9444444444445,827.6470588235294,498.0,6.0,1,1,2,0
user-329,-0.782608695652174,6.129032258064516,5531.544680851064,5.235744680851064,1.1829336170212765,589.5990990990991,771.2201834862385,733.5343137254902,577.8779342723004,5.25,3,19,15,3
user-330,-0.12857142857142856,1.0289389067524115,5323.56338028169,5.325821596244132,1.1780195618153364,529.9366666666666,553.7871972318339,590.0250447227191,517.7217391304348,5.642857142857143,2,32,40,16
user-331,-0.16393442622950818,4.87603305785124,5289.971042471043,5.315907335907336,1.19052277992278,427.64214711729625,503.7808510638298,516.8605664488017,440.3726708074534,4.625,3,59,49,11
user-332,-0.5714285714285714,10.96774193548387,4853.295358649789,5.432869198312236,1.1813506329113923,354.6696035242291,437.33644859813086,408.3127962085308,409.6842105263158,4.65,3,34,18,6
user-333,0.14634146341463414,4.366197183098592,5070.852367688022,5.435626740947075,1.183433426183844,389.4166666666667,552.104347826087,543.9670658682635,450.399416909621,4.933333333333334,2,31,32,4
user-334,-0.1702127659574468,3.1297709923664123,5325.652968036529,5.357420091324201,1.1684636986301369,435.4987951807229,507.38349514563106,479.6501240694789,401.8985507246377,4.521739130434782,4,41,45,26
user-335,-1.289855072463768,3.246073298429319,5449.595744680851,5.304217772215269,1.163769211514393,463.5071895424837,490.95496688741724,562.7680763983628,480.5861148197597,5.388888888888889,3,62,49,27
user-336,-1.0121951219512195,1.9935691318327973,5295.166666666667,5.304754901960784,1.1980495098039217,470.4680306905371,539.6783398184176,577.754691689008,462.85714285714283,5.818181818181818,4,62,43,22
user-337,-0.06802721088435375,1.058965102286402,5133.48706038487,5.402634372926344,1.1846132714001327,428.6063100137174,523.7928571428571,503.8669117647059,433.2972027972028,5.5473684210526315,4,88,86,33
user-338,-0.04,3.296703296703297,5113.1259842519685,5.367834645669292,1.198294094488189,416.24899598393574,606.5274261603375,468.11504424778764,455.2962962962963,6.5,4,30,4,2
user-339,-0.15789473684210525,2.7722772277227725,5261.260223048327,5.407063197026022,1.1657776951672862,438.67816091954023,595.0685483870968,607.0728744939271,446.8483606557377,4.708333333333333,3,28,22,6
user-340,-0.013452914798206279,0.40417209908735335,5179.3904532967035,5.403533653846154,1.1695423420329671,417.8231511254019,475.1061390532544,481.8269158878505,417.53655874863585,6.11875,3,93,148,76
user-341,0.2,0.819672131147541,4990.847457627118,5.417203389830508,1.1808906779661017,465.3893805309734,758.0900900900901,701.824074074074,454.85185185185185,4.125,2,5,12,2
user-342,0.7796610169491526,1.2335958005249343,4811.795180722892,5.529191049913941,1.1844667814113596,477.9859402460457,495.07007575757575,526.4184261036469,452.2854578096948,4.5636363636363635,4,47,53,8
user-343,0.028169014084507043,0.6031882809133994,5230.672557172557,5.390779625779626,1.1499113998614,415.07509881422925,451.02746657029275,474.89570326845393,410.96654275092936,5.852760736196319,3,140,144,83
user-344,0.10810810810810811,1.7117117117117118,5354.108823529412,5.341647058823529,1.1866967647058824,445.59939759036143,653.9350649350649,646.3511705685619,448.21135646687696,6.384615384615385,3,19,22,10
user-345,-0.0449438202247191,0.37700282752120645,5068.4939564867045,5.427365028203062,1.1884497985495568,356.3072439633639,461.49744027303757,471.06672443674177,357.9603448275862,4.936842105263158,5,40,89,20
user-346,0.06462585034013606,0.6317774634606318,5197.088397790055,5.395184162062615,1.1653911602209945,491.66300484652663,537.8524967148489,555.3682967959528,519.3097463284379,5.921875,4,134,181,70
user-347,0.7037037037037037,0.6557377049180328,5060.842857142857,5.438714285714286,1.1710542857142858,453.4812030075188,684.140625,725.432,406.81889763779526,5.857142857142857,2,4,9,2
user-348,0.5609756097560976,1.0385756676557865,4825.4654275092935,5.505591078066915,1.1910137546468402,374.19069767441863,516.900395256917,557.0088566827698,414.34098101265823,4.290322580645161,3,105,126,22
user-349,0.20465116279069767,0.45809754783077333,5029.430612686729,5.4455683048278845,1.1660149166486253,406.586912525298,509.83093113703956,510.2419242389031,384.85060129509714,4.926345609065156,3,170,374,110
user-350,-0.27419354838709675,0.15165031222123104,5262.7091882248,5.324121320249777,1.1253101694915255,481.8,484.08325358851675,550.4472410454986,502.12395153774463,5.857142857142857,4,17,73,20
user-351,-0.9411764705882353,0.22900763358778625,5279.430463576159,5.34953642384106,1.1434264900662252,356.2013422818792,499.26056338028167,566.6312056737588,339.2945205479452,3.8421052631578947,3,3,20,4
user-352,0.05555555555555555,0.26490066225165565,5377.181372549019,5.353235294117647,1.1579509803921568,549.81,506.4269662921348,489.7528735632184,477.4162436548223,4.625,3,4,15,6
user-353,0.18181818181818182,0.6870229007633588,4951.309278350515,5.5013917525773195,1.1696190721649484,318.7027027027027,371.2826086956522,388.84615384615387,346.28494623655916,5.066666666666666,3,9,13,5
user-354,0.6833333333333333,0.3038487508440243,4835.423664122138,5.518832061068703,1.1903542748091602,390.0251770259638,517.2038523274479,498.1300411522634,413.1504854368932,4.620689655172414,4,45,135,26
user-355,-0.4125874125874126,0.4271548436308162,5167.191639871383,5.382932475884244,1.1717785209003215,433.00872483221474,466.3031951053705,519.9292158223456,406.88713007570544,4.853658536585366,3,56,117,21
user-356,-0.08058608058608059,0.37929812123360507,5077.207056307911,5.409401282965075,1.1625904490377763,315.61029948867787,426.3338391502276,484.45412667946255,314.25846833578794,5.493975903614458,4,107,173,58
user-357,0.6885964912280702,0.8161708619374524,4889.9066070541485,5.49682563338301,1.1872572280178837,355.08527918781726,490.1790026246719,523.8004257583821,383.1375064135454,4.962962962962963,3,107,171,29
user-358,-0.8333333333333334,0.5405405405405406,5174.743055555556,5.376666666666667,1.17123125,288.5,350.11764705882354,393.2700729927007,243.61481481481482,6.428571428571429,3,6,8,2
user-359,-0.04831932773109244,2.056480811006517,5389.744633190218,5.329587455665484,1.1524750980026135,501.6868327402135,553.2774244833068,579.2361653980662,455.2078002476269,5.983388704318937,5,284,235,152
user-360,0.36666666666666664,1.2935323383084576,4834.433510638298,5.505132978723404,1.1836872340425533,549.0842696629213,568.0921787709498,531.5669515669516,627.5855072463768,6.318181818181818,2,26,20,11
user-361,-0.625,0.49822064056939497,5117.248251748252,5.443426573426573,1.1765653846153847,289.731884057971,423.2238805970149,463.71590909090907,285.2546125461255,5.277777777777778,2,14,21,7
user-362,-1.0714285714285714,0.7407407407407408,5154.486842105263,5.346578947368421,1.273771052631579,404.31944444444446,610.8484848484849,497.22222222222223,440.2191780821918,14.0,2,6,6,2
user-363,0.4896907216494845,0.47343503419253025,5040.379729098552,5.456417561886969,1.145642503503036,389.81962481962483,437.46262823644355,475.92433234421367,374.84056557776694,5.312101910828026,4,90,161,45
user-364,-0.24,1.9572953736654803,4889.5698113207545,5.446962264150943,1.1850862264150943,471.9137254901961,533.7559055118111,531.4381338742394,463.781746031746,4.6875,3,55,46,12
user-365,0.24197002141327623,0.41676704408576243,5145.072119613017,5.422622691292876,1.1654493051890942,453.0605726872247,511.9215723509305,537.4803940506084,437.1023027557569,4.846464646464646,4,173,463,162
user-366,-0.7755102040816326,0.6925207756232686,5390.938069216758,5.288105646630237,1.1754806921675773,338.7523452157599,442.8582677165354,497.4604743083004,355.3893129770992,4.894736842105263,3,25,38,13
user-367,-0.35294117647058826,5.573770491803279,5383.54128440367,5.317981651376146,1.1706798165137615,426.10828025477707,507.4318181818182,538.9464882943143,388.26229508196724,5.95,4,34,19,13
user-368,-0.5539568345323741,1.416921508664628,5024.691547749726,5.432497255762898,1.2003861141602634,408.81572904707235,491.2291040288635,485.11829268292684,436.0111046171829,4.2707182320441985,3,139,174,44
user-369,0.009433962264150943,1.6337148803329866,5151.1959721146395,5.413342370255616,1.149909798605732,435.7101508357114,522.8307440719542,537.2402187631468,460.83573243014393,6.15,4,157,123,68
user-370,-0.05,0.31466913465987967,5132.637319828594,5.422660693416439,1.1680567199065057,450.52710355987057,509.4792358803987,504.3454003407155,467.1516023007395,5.436781609195402,4,68,166,64
user-371,-0.045454545454545456,0.2416918429003021,5243.43537414966,5.374591836734694,1.165180612244898,316.62587412587413,386.95272727272726,354.3639705882353,306.0140350877193,6.0588235294117645,2,8,14,5
user-372,0.13402061855670103,0.3305785123966942,5070.1240523776705,5.45842177808408,1.1704453480358374,443.67094932191293,437.00503597122304,454.6269956458636,464.41092814371257,6.737704918032787,3,44,69,31
user-373,-0.4350282485875706,1.3727193744569939,5196.049418604651,5.376128875968992,1.1811047480620156,411.9445292620865,532.3335114911812,543.5945205479452,441.5762538382804,5.3515625,3,158,100,77
user-374,0.018018018018018018,0.9990834097158571,5162.215770171149,5.41309902200489,1.1608391809290954,379.02659911336286,434.62905317769133,445.36202365308804,384.77906976744185,5.542857142857143,3,109,100,36
user-375,0.032467532467532464,2.373371924746744,5108.719858156029,5.43862293144208,1.1654982860520096,416.41118623232944,469.5662878787879,492.9386701097482,466.23316708229424,5.782178217821782,4,164,102,51
user-376,0.896551724137931,0.4477611940298507,4865.909090909091,5.5372390572390575,1.1664242424242424,365.2160278745645,456.97849462365593,516.5869565217391,442.5644599303136,5.181818181818182,2,9,24,5
user-377,0.7419354838709677,0.2945990180032733,4714.725457570716,5.544542429284526,1.1922014975041597,367.368330464716,465.7023593466425,477.3534798534798,454.10726643598616,4.2,3,18,67,8
user-378,0.0,0.49180327868852464,5055.175675675676,5.449054054054054,1.1206878378378378,256.43055555555554,537.3055555555555,565.5277777777778,241.94444444444446,5.6,2,3,6,1
user-379,-0.9272727272727272,3.029045643153527,5244.963759909399,5.361800679501699,1.174077463193658,402.2200232828871,525.5107655502393,484.11884753901563,402.7356459330144,7.083333333333333,3,73,39,38
user-380,0.4722222222222222,1.2448132780082988,4945.4375,5.456022727272727,1.156544034090909,267.3058823529412,405.6180758017493,466.15204678362574,314.34615384615387,5.833333333333333,3,30,25,5
user-381,0.5909090909090909,0.4419889502762431,4636.01875,5.52675,1.207660625,349.6163522012579,461.8211920529801,503.91333333333336,260.05882352941177,4.538461538461538,2,8,8,4
user-382,-0.6666666666666666,0.6870229007633588,5225.37786259542,5.3587022900763355,1.1391435114503816,392.84705882352944,470.366935483871,609.5362903225806,377.4959677419355,5.55,3,9,18,7
user-383,-0.3142857142857143,0.21806853582554517,4976.615873015873,5.43784126984127,1.2092549206349206,380.13680781758956,407.67558528428094,452.2675585284281,362.3377049180328,5.75,4,7,21,9
user-384,-0.19369369369369369,0.4382077794190054,5312.126613184513,5.354161144053017,1.1536354028601326,385.53268327916214,469.43062730627304,491.3150429264651,381.82553035844916,6.475177304964539,6,89,142,95
user-385,0.8181818181818182,0.421455938697318,5016.909090909091,5.465705329153605,1.172507210031348,440.88102893890675,471.54397394136805,542.3881578947369,361.28231292517006,4.275862068965517,3,11,32,9
user-386,-0.22641509433962265,4.049586776859504,5196.57171314741,5.343187250996016,1.1872274900398407,511.44490644490645,591.2008733624455,616.5245535714286,525.9957627118644,4.82051282051282,3,49,33,3
user-387,-0.4,0.0998003992015968,5283.485013623978,5.325613079019074,1.157049863760218,397.3501400560224,451.6949152542373,508.2457142857143,320.32456140350877,4.846153846153846,3,5,31,4
user-388,1.0169491525423728,0.43383947939262474,4806.940936863543,5.5323625254582485,1.175531568228106,250.1043841336117,395.5801687763713,446.3134328358209,281.70649895178195,5.166666666666667,2,20,31,5
user-389,-0.8018018018018018,0.4610318331503842,5029.6148705096075,5.4321470342522975,1.2017696741854638,348.3435114503817,473.05855855855856,434.6299357208448,337.8357695614789,4.776699029126213,4,42,110,21
user-390,-0.5454545454545454,0.32345013477088946,4990.854304635762,5.42069536423841,1.195776821192053,260.76254180602007,402.63986013986016,475.57785467128025,237.97635135135135,8.857142857142858,2,12,1,2
user-391,-0.9285714285714286,1.267605633802817,5182.5887096774195,5.394838709677419,1.1775395161290323,379.42622950819674,647.6851851851852,390.9428571428571,300.56637168141594,3.4444444444444446,3,9,20,3
user-392,-1.3333333333333333,4.545454545454545,5809.416666666667,5.166333333333333,1.143025,520.6333333333333,785.4363636363636,538.3846153846154,398.05263157894734,6.666666666666667,3,5,4,2
user-393,0.13333333333333333,3.4426229508196724,5203.125,5.369431818181818,1.1540164772727273,358.4219653179191,477.875,439.030303030303,365.0833333333333,5.615384615384615,3,21,11,5
user-394,0.01,1.0286268801552645,5276.492945517691,5.377286737573258,1.1573266116778815,472.2399184413231,462.4596774193548,489.3836389280677,469.4234127920699,5.652830188679245,4,212,274,120
user-395,-0.014084507042253521,0.7393715341959335,5006.966124661247,5.4430352303523035,1.1955124661246612,371.31276297335205,453.64,482.58031837916064,384.54971590909093,5.215686274509804,4,40,52,21
user-396,0.019801980198019802,0.4897159647404506,5039.659620991254,5.445524781341108,1.1653554664723031,372.52683295540436,472.42558139534884,463.1957547169811,405.5804464973056,4.739837398373984,3,50,118,27
user-397,-0.35,1.707317073170732,4775.961538461538,5.394615384615385,1.29745,360.34615384615387,566.4305555555555,528.6285714285714,436.46666666666664,3.0,2,7,12,0
user-398,0.35714285714285715,1.3513513513513513,4529.149171270718,5.567348066298343,1.1674397790055249,447.0511363636364,478.74719101123594,652.9884393063584,398.77142857142854,6.0,2,15,11,7
user-399,0.5714285714285714,2.469135802469136,4912.472324723247,5.491660516605166,1.1848963099630996,450.83846153846156,539.484126984127,453.9142857142857,530.429718875502,6.0,4,20,10,5
user-400,-0.5925925925925926,4.754098360655738,4922.252427184466,5.411019417475728,1.1981912621359223,501.3874345549738,523.2397959183673,628.7606382978723,541.0932642487047,5.571428571428571,3,29,13,3
user-401,0.35555555555555557,0.9724047306176085,5110.985482493596,5.431853116994022,1.1552603757472246,401.76232394366195,519.9109090909091,516.8640595903166,373.4796380090498,5.6521739130434785,3,74,56,24
user-402,-0.13559322033898305,0.3854875283446712,5177.565698478562,5.395463347164592,1.2018958506224067,538.8179190751445,532.4395770392749,638.7572519083969,511.00302571860817,5.829268292682927,3,17,43,17
user-403,1.0,0.1759530791788856,4843.674300254453,5.5443765903307884,1.1584045801526717,421.1119791666667,505.60497237569064,495.3324175824176,417.31182795698925,5.125,3,6,28,11
user-404,-0.44,0.6593406593406593,4182.704641350211,5.658312236286919,1.2770902953586498,672.5809523809523,1467.9358288770054,915.0,916.3295454545455,3.966666666666667,3,6,26,2
user-405,-0.3,0.7903780068728522,5478.67892503536,5.262164073550212,1.1403390381895333,423.7228739002933,492.7157738095238,507.97108066971083,411.59643916913944,5.837837837837838,3,23,37,16
user-406,-1.0,10.0,5815.323529411765,5.175882352941176,1.1177558823529412,424.6470588235294,720.1333333333333,479.7857142857143,367.24242424242425,4.666666666666667,2,1,4,0
user-407,0.6644736842105263,0.5266538214515093,5025.292485349879,5.454057221647708,1.15644934505343,366.00625782227786,446.30716228467816,477.8199666604927,361.8678629690049,6.807377049180328,4,246,198,162
user-408,1.0,3.8709677419354835,5099.663934426229,5.450901639344262,1.1313647540983607,479.45258620689657,548.977973568282,611.5565610859728,474.7579908675799,4.666666666666667,3,12,18,4
user-409,0.11458333333333333,0.7177033492822966,5016.2428995337,5.451042814752014,1.1835702416278084,375.99522569444446,441.9459336665152,438.1830336560627,355.8150623885918,4.901554404145077,4,135,154,53
user-410,0.40476190476190477,2.046783625730994,5098.974358974359,5.427995337995338,1.1567941724941726,343.63829787234044,489.54146341463417,432.6281407035176,399.26150121065376,5.2592592592592595,4,35,27,10
user-411,-0.2760416666666667,4.45859872611465,5096.374699374699,5.382977392977393,1.2004787397787398,436.297565822156,578.9885892116182,586.0145474137931,469.41415192507804,5.330882352941177,4,210,88,39
user-412,0.17189835575485798,0.18291600071035338,5107.347094535993,5.402393755420642,1.182937640936687,461.7573319027182,534.6114296282597,583.3933685003768,445.21868751136157,4.682186234817814,4,103,468,91
user-413,-0.18181818181818182,0.35369774919614144,5283.315104166667,5.330572916666667,1.1644427083333333,350.15135135135137,419.3593314763231,484.99718309859156,304.1013698630137,4.62962962962963,2,11,29,9
user-414,-0.43661971830985913,0.819304152637486,5210.053851907255,5.346910994764398,1.1944954375467465,371.63629343629344,453.5192,450.70631665299425,351.5498821681068,5.950819672131147,4,73,44,25
user-415,-0.5333333333333333,9.523809523809524,5587.342391304348,5.24,1.1600402173913043,475.46994535519127,511.85207100591714,443.73333333333335,345.2471264367816,4.2631578947368425,3,20,17,3
user-416,0.09897610921501707,0.5844417573559049,5037.354871108135,5.41770338131905,1.1909743555406762,364.14103887168903,492.6407487401008,538.7636761487965,381.9485575251999,4.668,3,145,255,52
user-417,0.3511450381679389,0.6188925081433225,5098.013219284603,5.424315707620528,1.158039035769829,440.61051766639275,497.4635761589404,560.2371048252912,424.5367088607595,5.128712871287129,3,57,97,23
user-418,-0.030303030303030304,0.4072398190045249,4901.520348837209,5.487296511627907,1.1831238372093023,376.07788161993767,522.4575757575758,472.8359621451104,375.7120743034056,6.117647058823529,3,9,15,8
user-419,-0.35751295336787564,0.9441764300482426,5399.6505628517825,5.316618198874297,1.1809143996247655,369.8146530810286,488.11311053984576,490.609129066107,389.5680914512922,3.927601809954751,3,137,209,43
user-420,0.7904761904761904,0.3091557669441142,5177.9101221640485,5.415732984293194,1.1654930191972077,417.5140781108084,485.781163434903,509.9075471698113,426.718691588785,5.211764705882353,4,26,84,21
user-421,0.3333333333333333,2.0994475138121547,5041.876712328767,5.4321461187214615,1.147356392694064,313.06511627906974,404.04347826086956,461.1036144578313,318.90714285714284,4.127659574468085,2,38,40,11
user-422,0.0,3.5483870967741935,4653.6949152542375,5.455593220338983,1.2141949152542373,480.13793103448273,574.9821428571429,568.3454545454546,532.4912280701755,5.333333333333333,2,11,3,2
user-423,0.43137254901960786,2.701421800947867,4923.37281553398,5.480485436893204,1.1800852427184467,409.48790322580646,531.4460285132383,570.0041753653445,403.98559670781896,5.96969696969697,3,57,32,15
user-424,-0.08453608247422681,3.6602123672704563,5150.761234071093,5.404698189134809,1.1649801475519785,420.13552859618716,466.61181060471716,514.0691071428571,421.2189781021898,4.980891719745223,4,586,492,164
user-425,-0.3125,4.516129032258064,5304.302158273381,5.255395683453237,1.2055956834532373,355.15441176470586,592.7368421052631,608.976,295.69465648854964,4.818181818181818,3,14,8,2
user-426,-0.058333333333333334,0.8416547788873039,5187.519446845289,5.378599827139153,1.1697675021607605,458.8903863432165,565.8775510204082,570.1382268827455,479.10357815442563,5.1688311688311686,3,59,83,20
user-427,-0.2,1.5151515151515151,5261.560798548095,5.3560072595281305,1.176617059891107,391.4826941066417,488.23679060665364,474.6936127744511,422.3282296650718,5.182926829268292,3,85,95,26
user-428,-0.05042016806722689,0.34757422157856627,5018.027427724241,5.432676056338028,1.169973980726464,381.330303030303,411.6677240285488,462.2052715654952,358.3486739469579,5.142857142857143,3,48,101,26
user-429,0.36608863198458574,0.5736361507843596,5060.6153978052125,5.4379303840877915,1.1647738511659809,364.6050538964481,482.73345454545455,500.9652559600813,376.68913994169094,5.514018691588785,4,245,261,134
user-430,0.47619047619047616,0.7395498392282958,4850.537671232877,5.48916095890411,1.1724467465753425,442.63250883392226,517.6470588235294,581.8560885608856,469.16007194244605,5.15,3,23,43,17
user-431,-1.0,1.322314049586777,5422.188,5.29548,1.1743572,440.83196721311475,499.77824267782427,554.2092050209205,366.978813559322,5.352941176470588,2,16,14,8
user-432,0.17567567567567569,0.425531914893617,5153.496621621622,5.417781531531531,1.16859481981982,426.4395348837209,445.1827040194884,484.2148148148148,457.79072532699166,4.983333333333333,3,26,61,13
user-433,-0.2235294117647059,0.9557774607703282,4877.418903150525,5.460618436406068,1.190563243873979,310.6387559808612,449.1884422110553,418.2811704834606,325.843329253366,5.686274509803922,3,67,52,16
user-434,-0.2885375494071146,4.086629001883239,5355.723142087024,5.326141701963804,1.1756308047747401,463.5340314136126,535.8603375527426,517.6809523809524,459.1562886597938,5.704225352112676,4,217,140,68
user-435,-0.9142857142857143,0.43824701195219123,5622.378917378917,5.24054131054131,1.165945868945869,472.91715976331363,532.195652173913,516.6752411575562,454.07384615384615,4.862068965517241,3,11,25,7
user-436,-0.7555555555555555,3.8016528925619837,5274.946564885497,5.345229007633588,1.1478570610687022,445.0969696969697,469.4133064516129,555.1,400.3422680412371,6.151515151515151,4,46,30,15
user-437,-0.1986754966887417,1.2933753943217667,5131.447716346154,5.404633413461538,1.1700506009615386,362.1667703795893,433.72119669000637,450.8437900128041,366.7892095357591,5.15,4,123,143,47
user-438,-0.5688729874776386,2.493283181085438,5243.4127787146335,5.3565804759228035,1.180302023608769,471.38836846213894,534.002052545156,555.0709798994975,477.2167818361303,5.00982800982801,4,464,394,137
user-439,-0.47368421052631576,0.8187134502923976,5257.272340425532,5.3808510638297875,1.2006536170212767,370.1904761904762,444.42922374429224,455.15765765765764,347.2544642857143,4.695652173913044,3,14,24,3
user-440,-0.24647887323943662,3.5483870967741935,5170.324324324324,5.369387917329094,1.1828966613672496,396.2907166123779,529.8807890222985,554.9921671018277,389.91993327773145,5.723076923076923,4,121,81,21
user-441,0.38313253012048193,0.19579254322016246,5006.205005688282,5.4565028441410695,1.1849579977246871,388.3565909623039,430.32776717557255,484.33756892831457,373.8327333813295,5.098039215686274,4,94,233,119
user-442,-0.2,0.0,4964.266666666666,5.423666666666667,1.168825,536.8474576271186,575.6896551724138,601.8793103448276,305.0,5.75,3,0,4,1
user-443,0.25555555555555554,0.7403055229142186,5149.934597156398,5.417981042654028,1.1786143127962085,350.12475247524753,447.6951596292482,461.6043613707165,399.7731343283582,4.40625,5,63,99,27
user-444,0.5272727272727272,0.21515015688032274,5142.673653925195,5.423921085080148,1.153332716810522,414.29806070826305,427.2016407599309,499.8729812309035,386.9089738085015,5.395348837209302,3,48,209,65
user-445,-0.20134228187919462,2.5548902195608783,5179.634839650146,5.379067055393586,1.177089139941691,384.8752783964365,595.1069991954947,546.8387096774194,429.4413109756098,5.852941176470588,3,128,54,35
user-446,-0.6086956521739131,2.5274725274725274,5476.358552631579,5.248684210526315,1.1536131578947368,543.8965517241379,623.6769759450171,569.1788321167883,497.3333333333333,5.722222222222222,3,23,19,9
user-447,-0.6346153846153846,15.161290322580644,5276.594696969697,5.31655303030303,1.157619696969697,466.8203125,557.0199600798403,507.06924643584523,470.76673427991886,6.076923076923077,3,47,26,12
user-448,-1.0,0.0,5759.2,5.03,1.16826,368.1,501.2,488.8,382.9,3.0,1,0,1,0
user-449,-0.0196078431372549,0.8478802992518703,5028.859402460457,5.429841827768014,1.1761298769771529,380.2410071942446,414.0983302411874,531.6877323420074,375.66913123844733,4.69811320754717,3,34,52,8
user-450,-0.4406779661016949,2.175226586102719,4981.680887372014,5.41655290102389,1.2159660409556314,334.77152899824256,472.00369003690037,542.8226691042048,396.35078534031413,5.023255813953488,4,72,52,7
user-451,0.3119266055045872,2.0902612826603324,5063.543172690763,5.442530120481928,1.1640345381526105,432.05509355509355,507.10629067245117,499.7147651006711,443.30150214592277,4.541176470588235,4,88,96,19
user-452,-0.48148148148148145,0.710172744721689,5082.736434108527,5.410883720930233,1.1728196899224805,389.76451612903224,440.2105263157895,499.58347107438016,372.82402707275804,6.305555555555555,3,37,37,7
user-453,0.11188811188811189,2.667706708268331,5019.639871382637,5.417773311897106,1.1765895498392283,320.9212924606462,484.24465355004276,478.3703056768559,337.84991708126034,4.820224719101123,4,171,89,13
user-454,0.5714285714285714,0.4938271604938272,4595.549019607844,5.5690196078431375,1.1973960784313726,449.0,623.7157894736843,706.7052631578947,363.82474226804123,5.0,2,4,7,2
user-455,-0.5294117647058824,1.583710407239819,5121.508108108108,5.406432432432433,1.1893243243243243,347.80494505494505,617.919770773639,563.2485207100592,357.73463687150837,5.863636363636363,3,35,22,9
user-456,-0.14285714285714285,1.036468330134357,5211.578231292517,5.369912536443149,1.157968221574344,488.96757852077,507.71547248182765,555.9095744680851,430.96818663838815,5.678571428571429,3,54,54,19
user-457,0.0410958904109589,0.49910873440285203,5153.485754985755,5.3875925925925925,1.168717378917379,418.08676470588233,465.12148148148145,554.4754098360655,335.7829457364341,4.575757575757576,3,28,62,13
user-458,-0.14479638009049775,0.513347022587269,5216.12543554007,5.370955699352912,1.1786065704330513,385.2733776188043,517.0696304231387,526.3857840477482,392.71591498185586,4.092105263157895,3,75,246,49
user-459,-0.17647058823529413,2.6373626373626373,4811.682593856655,5.460375426621161,1.2024805460750854,487.01805054151623,708.3178571428572,641.5860805860806,497.27985074626866,5.5,2,24,11,11
user-460,-0.3448275862068966,0.7792207792207791,5267.346774193548,5.3788709677419355,1.149510752688172,476.3215258855586,479.0409356725146,543.7230320699708,543.3753581661891,5.7407407407407405,3,18,30,9
user-461,0.47417840375586856,0.5047955577990914,4857.276332622601,5.495744136460554,1.1781039232409383,381.01751313485113,482.06413730803973,471.8297185048454,362.8254759746147,4.848648648648648,4,100,179,38
user-462,-0.19230769230769232,0.54005400540054,5257.815660685155,5.3498939641109295,1.1699920065252856,331.01424979044424,365.6399655469423,430.89254766031195,307.47088607594935,5.197530864197531,3,60,80,30
user-463,-0.29411764705882354,2.9711751662971175,5068.29010989011,5.440315018315018,1.1632367032967033,335.4183750949127,437.7513855898654,455.1012759170654,431.10872894333846,4.900900900900901,3,134,113,30
user-464,0.14534883720930233,1.4645974781765276,5062.6113875069095,5.440464344941957,1.1757923161967938,393.63973063973066,537.5047846889952,509.1037217815741,438.88425925925924,4.530120481927711,3,151,181,35
user-465,0.3425925925925926,0.5570291777188329,5142.911931818182,5.418245738636363,1.1545661931818183,382.63130943672274,460.6374442793462,476.7150415721844,364.879821958457,6.013513513513513,4,63,74,31
user-466,0.39215686274509803,1.5937149270482605,5044.37461679951,5.459405272838749,1.1492169834457389,426.2608695652174,457.93346253229976,527.7323298429319,442.27448453608247,6.8,3,142,72,61
user-467,-0.045368620037807186,0.8286641108817457,5063.937824870052,5.435855657736905,1.192676869252299,487.8261959473574,571.826009764758,584.8313307639991,494.61190526989543,4.075539568345324,4,281,515,132
user-468,0.5925925925925926,0.25974025974025977,4868.359223300971,5.502276159654801,1.1623500539374325,452.9287330316742,459.04886363636365,494.9836639439907,408.6234067207416,5.4363636363636365,3,26,51,15
user-469,-0.36363636363636365,0.9956709956709956,5436.839527027027,5.305050675675676,1.1346363175675676,433.5291005291005,507.12305025996534,451.084229390681,375.09090909090907,6.37037037037037,3,23,22,23
user-470,-0.625,0.31413612565445026,5357.627906976744,5.316418604651163,1.1930427906976744,388.1952380952381,465.7029702970297,424.7794871794872,277.41747572815535,5.428571428571429,3,6,8,3
user-471,0.7837837837837838,4.065934065934066,5184.51024590164,5.416864754098361,1.1553405737704918,447.20425531914896,554.5251641137855,539.4922048997773,430.2488986784141,5.257142857142857,4,37,33,13
user-472,0.21935483870967742,0.8990011098779135,5264.6760563380285,5.370704225352113,1.167377528809219,411.49405548216646,459.21085594989563,498.24719887955183,390.19650067294754,4.9298245614035086,4,81,103,36
user-473,0.24100719424460432,0.9655561829474874,5095.227933716605,5.4315251944538385,1.1595249915454853,396.758064516129,462.6490042674253,489.9757772957339,395.3878787878788,5.676300578034682,3,171,166,73
user-474,-0.3870967741935484,20.0,5095.555910543131,5.38741214057508,1.1986552715654952,465.1049180327869,525.0756578947369,566.5102040816327,471.6323024054983,6.35,2,42,22,6
user-475,0.875,1.4634146341463417,4835.652173913043,5.450869565217391,1.1978869565217392,139.34782608695653,522.3333333333334,554.7560975609756,133.17391304347825,2.5555555555555554,2,6,10,0
user-476,-0.21,1.7481789802289283,5125.16588906169,5.396822187662001,1.177013063763608,337.0761043108036,448.8675570395103,509.39469226425746,369.0735930735931,4.1421319796954315,4,168,183,39
user-477,0.5188679245283019,0.6134094151212554,5066.258220502901,5.439352030947775,1.1598863636363637,381.95114656031905,453.1552604698672,497.44214876033055,360.51081359423273,5.3561643835616435,3,43,64,22
user-478,0.24489795918367346,0.24518388791593695,4958.276771004942,5.475733113673805,1.1665792421746293,370.1649659863946,437.9106529209622,450.5682210708117,419.68118466898954,7.2272727272727275,4,14,31,11
user-479,1.0,3.8095238095238093,4704.397435897436,5.559871794871795,1.184124358974359,304.36986301369865,484.9066666666667,504.2837837837838,275.5753424657534,4.571428571428571,2,8,7,5
user-480,0.5454545454545454,3.553719008264463,5165.7798507462685,5.4128171641791045,1.1548565298507463,380.9332061068702,531.6973415132925,489.20910973084887,429.46168958742635,5.181818181818182,4,43,40,20
user-481,0.09302325581395349,1.2554112554112553,5306.792775665399,5.358326996197719,1.173890494296578,429.83499005964217,665.5368852459017,594.8924731182796,438.8909090909091,6.9523809523809526,3,29,19,18
user-482,0.6666666666666666,0.31630170316301703,4916.5973534971645,5.520604914933838,1.1668839319470699,355.01176470588234,482.16733067729086,452.9061224489796,350.0607843137255,5.225,4,13,40,23
user-483,-0.4666666666666667,0.6639004149377593,5302.174887892376,5.28,1.1953914798206278,464.009009009009,439.4162436548223,460.7216494845361,413.12264150943395,4.333333333333333,3,16,22,4
user-484,0.6774193548387096,0.9967845659163986,5026.414392059553,5.452481389578164,1.1684903225806451,420.01526717557255,379.26178010471205,461.0366492146597,405.47680412371136,5.826086956521739,3,31,22,10
user-485,0.6546546546546547,1.0424848268475544,4760.002452316076,5.5239182561307905,1.1926053133514987,320.31545124336407,435.8633594429939,459.79326500732066,355.9447640966628,4.387533875338754,4,292,356,62
user-486,-0.9759036144578314,11.126760563380282,5519.920212765957,5.237872340425532,1.152821409574468,434.7029702970297,510.9499284692418,597.9446870451237,447.51920341394026,6.32258064516129,3,79,29,10
user-487,-0.6885245901639344,0.5442176870748299,5212.986486486487,5.324639639639639,1.2040993243243243,357.9088785046729,473.61722488038276,494.0703883495146,379.0821596244131,5.222222222222222,4,24,35,6
user-488,-1.3548387096774193,4.084507042253521,5555.996376811594,5.233478260869565,1.181283695652174,533.2754716981132,586.147859922179,555.2857142857143,388.56972111553785,4.619047619047619,3,29,20,5
user-489,0.15789473684210525,0.512521840419336,5154.245549092191,5.40062929666843,1.1896394852811563,414.517091698318,505.46960898180413,522.7791641909289,414.37150837988827,5.0440771349862255,4,264,591,93
user-490,0.01910828025477707,2.9038112522686026,4981.540162122329,5.442969786293294,1.2035094325718496,332.6310975609756,515.2652106084244,506.7773375594295,372.6203416149068,4.292307692307692,3,160,119,20
user-491,0.22535211267605634,0.6313645621181263,5180.217115689382,5.393011093502377,1.1712866877971475,334.38861788617885,355.5275459098498,468.92605042016805,329.4325657894737,5.170212765957447,3,31,47,20
user-492,0.3630952380952381,0.4617968094038623,5167.893317702227,5.405791324736225,1.1660352286049238,392.2351529694061,469.6865671641791,496.9214195183777,365.6832107843137,4.858267716535433,4,55,101,39
user-493,0.02040816326530612,0.7024029574861368,5055.983630952381,5.439568452380953,1.179918005952381,358.41374045801524,469.4095238095238,502.57211538461536,332.9907120743034,6.285714285714286,3,38,30,14
user-494,0.3076923076923077,0.13245033112582782,5271.4375,5.36984375,1.16278046875,278.08730158730157,278.9916666666667,366.55,268.2903225806452,5.25,2,2,8,3
user-495,0.25,0.32697547683923706,5133.0651242502145,5.415801199657241,1.1621850899742932,383.63852242744065,416.8460144927536,489.0235934664247,372.7964285714286,5.754098360655738,4,36,67,33
user-496,-1.027027027027027,0.5121293800539083,5282.018518518518,5.3275,1.1484092592592592,451.84382284382286,443.5761421319797,478.1475,395.8471177944862,5.703703703703703,3,19,33,10
user-497,0.025041736227045076,0.5303543218235162,5177.08608710388,5.392189459413658,1.1659421115065243,368.6843205574913,471.3294481879439,490.84988027261005,412.317189994678,4.6026871401151634,4,235,491,119
user-498,-0.40625,5.185185185185185,5120.7642857142855,5.401714285714286,1.1653357142857144,384.02689486552566,450.6909090909091,464.58047493403694,461.85714285714283,6.05,3,42,19,11
user-499,-0.32558139534883723,3.076923076923077,5512.379008746356,5.2513119533527695,1.1173760932944607,476.73006134969324,555.1550151975684,606.0672782874618,486.1907692307692,6.368421052631579,3,28,16,12
